iteration,female_coef,female_se,female_p,winnable_gap
0,-1.167828886402746,0.39512975530820976,0.0031210406718323786,-2.9927290657773105
1,-1.0561978452090244,0.4226205241525783,0.01244868144959697,-1.1791426544906969
2,-0.33694380055143414,0.3660368648990727,0.3573017347848837,1.1671847358897072
3,-0.496764551711819,0.3922100180130188,0.20530624898563488,-0.38765319066335646
4,-0.509073501517657,0.37132635558193383,0.17038749191995095,2.312284162482371
5,-1.0236576848676502,0.3735494373272834,0.006137304721188277,-0.8046240621991538
6,-0.7140666737753554,0.36880928545532476,0.05285046904556278,0.043572385543455106
7,-0.6035613625113401,0.3757647360423172,0.1082252717528747,-0.32695707029601184
8,-0.292568132722702,0.3546015619340899,0.40933661814973876,1.1357851280511646
9,-0.4947690914428813,0.37403574579859167,0.1859066935316963,-0.5771066614285099
10,-0.2400969900616524,0.37739769525441524,0.5246519852737991,-0.15992568564102694
11,-0.557840525560576,0.4055440437707173,0.16896526115193589,-0.1984610738023438
12,-0.607959379532431,0.37133016159768434,0.10157876528174371,-0.7225294696607643
13,-0.3454993911582498,0.3521601591985043,0.3265503488173622,1.0651520608051008
14,0.15946324820884236,0.34472344617706946,0.6436632083557919,1.3965182406281618
15,-0.17303976900891957,0.40901836187270985,0.6722506634718465,-0.5298156359207828
16,-0.7638762970063016,0.39747813197000886,0.054630034337177884,-1.8497400301128888
17,-0.36903743028061997,0.4000067090147053,0.3562271118617263,-0.31380833301375777
18,-0.22407342397062519,0.35822551461256674,0.531636785950006,1.3419377286314615
19,-0.7826398901401566,0.3588009894351521,0.02916385250897317,-1.2048180211917998
20,-0.2695916213031836,0.4177181935935467,0.5186737433553672,0.2732105426555922
21,-0.47719657174520347,0.36588974746934616,0.19216245312793334,-0.8277140533453169
22,-0.14117199389302867,0.3729377555408288,0.7050292141166123,1.6925335487363444
23,-0.6458244112318641,0.36557910688514567,0.07729874297361097,-0.7896469075254
24,-0.2800387947377243,0.3888005672229255,0.47136287246861197,-1.2642381335771153
25,-0.10560162253241459,0.40916176454014436,0.7963354445804751,0.9294027592029677
26,-1.0775583048386843,0.3945134636728533,0.006307352719981505,-2.1748965803823594
27,-0.5515395558665557,0.4015533458682508,0.16959229201114434,-0.6871300829860907
28,-0.6831189506100328,0.3898667442205829,0.07974187446986347,0.9213113704438984
29,-1.0285523836456427,0.3676056828849781,0.0051423714605113805,-0.1947366461059996
30,-0.7281511574167294,0.3779005889553707,0.054000500909830745,-1.355779504941217
31,-0.7083577461918996,0.375380781234152,0.059155233553686216,-1.1244042976671338
32,-0.6761664739664145,0.3839547134779856,0.07822860694633292,-0.4423073424062931
33,-0.2327313230984883,0.40583440071197857,0.566330727064829,1.636788544245785
34,0.2948621669212822,0.3977068969937174,0.4584474794510002,-0.022754119474573287
35,-1.0157541308179832,0.3905066718483409,0.009292034930719043,-2.63166585207531
36,-1.228283980970457,0.38550868356400886,0.0014418565479077726,-2.1602521467402207
37,-0.12237503821180518,0.3702281093785367,0.7409923024151311,1.0895721710827568
38,-0.9438689900185384,0.431045256555129,0.02854445359275798,-3.0303820565721518
39,0.21070435667311557,0.33794845792207723,0.5329686509554727,2.282683515598261
40,-0.7342085108097973,0.37126284640245366,0.047974121216116605,-0.18573674799733375
41,-0.399100322155873,0.37632088834864813,0.2889026667099426,-0.17006935449023608
42,-0.6709461941701371,0.3926686781697717,0.08750973237299021,-0.23706977340746072
43,-0.11549045446227232,0.3507082502607054,0.7419241435373898,0.42000788975700853
44,-0.6841396841637474,0.36015082909577634,0.057486664507531045,0.004427089791967376
45,-0.7614531015340387,0.3713911622796396,0.040337842709167356,0.12137250523884457
46,-0.6157410858222141,0.3649406756593901,0.09155796063536184,-0.22412718367563045
47,-0.43170748444852275,0.3890213248608438,0.2671166659903873,-0.07412027903060547
48,0.15705197973058826,0.3733912363539294,0.6740401019622673,1.5072334703833032
49,-0.2996877171524419,0.35250032567195055,0.39522661166038486,1.430671868015955
50,-0.6053298844245304,0.3796886533901858,0.11087341884954241,-1.0082822745001527
51,-0.2280005910255853,0.3766493399059131,0.5449536738770455,-1.1881125296320842
52,-0.5157829772264393,0.3754156585943735,0.16947322267781062,-0.35224789890692865
53,0.02250673673090046,0.3620283074636689,0.9504286915254503,0.781975515419604
54,-0.5921030798759203,0.3612207303347153,0.1011773437914565,-0.9817246110038758
55,-0.4038309668782767,0.4036439975598803,0.3170863963993946,0.16229504391642724
56,-0.07280468266894052,0.33119098935845315,0.8260059825603655,2.6159369189790023
57,-0.3395231217832971,0.3570573682672231,0.34165902307314244,0.6817460523211594
58,-0.07110593516871344,0.3765710062071267,0.8502301542166346,0.0960305973198583
59,-1.1667446869282405,0.3831799032213379,0.002327572837122581,-1.6193417751137869
60,-0.26644407400565573,0.3570502932566317,0.45552437194396833,0.948863974446708
61,0.0809925852214729,0.3440278857981946,0.8138792896828633,2.6898159484796986
62,-0.26036780855463576,0.3802541218607516,0.4935202836567144,-0.11202761345610224
63,-0.748471577624247,0.3920735821327616,0.056261068630561704,-1.1024754608848637
64,-0.8593410185451047,0.44772835200934713,0.05494186030521334,-0.923716093097271
65,-0.6225848039235783,0.37663136143912956,0.09832375067703765,0.06238798971897719
66,-0.39812541993247114,0.38056414396243393,0.29549391747360476,1.3411940278053955
67,-0.5009459305377667,0.3534907120579341,0.1564419147102118,0.39622314032021677
68,-0.7100583672255931,0.3776036775204351,0.0600491072454923,-0.38404584799516517
69,-0.6966196935009269,0.3936276245273841,0.07676997993409951,-0.15145989238789337
70,0.22560088493429248,0.3779099151452164,0.5505274050875895,1.7660011674681346
71,-0.8703081204514471,0.36255960535123577,0.016374691241412897,-1.58878026063062
72,-1.1521680308908535,0.3996533306118448,0.003940092096339597,-1.3733951350816005
73,-0.09788196417122666,0.4044826908151034,0.80878561718856,1.2763673533718567
74,-0.6371209930197445,0.3692645734565901,0.08445936276298341,0.1929305939376662
75,0.08042878938731611,0.38474343779170683,0.8344129119613846,1.6097796465721155
76,-0.3468054932264799,0.3719536173450548,0.3511354831727088,-0.4248599360399252
77,-0.4102401043878877,0.3584962014432721,0.2524843244633558,0.995186008989299
78,-0.9991790437382251,0.37354807289437236,0.007476628553103698,-2.0221316030463194
79,-1.021894873876924,0.3766207426488378,0.006661152904934144,-3.0285218833413996
80,-0.2449790930166073,0.3693423783999044,0.5071483301056046,-0.7470825001368864
81,-0.5171154861377389,0.3753829999801435,0.1683368072323228,-0.8657446149014181
82,-0.8143468139024637,0.3725709782809502,0.028833940303110657,0.8394353819227547
83,-0.3874826239304769,0.36799097060645997,0.2923557735382847,0.9393891936854315
84,0.02524659009135327,0.4432272144203325,0.9545763974436617,-0.013646418308357333
85,-0.0911691644612402,0.3163215346924138,0.7731808284479601,1.9407405744663309
86,-0.727288598008101,0.4005984825464287,0.06944631913671145,-0.3230355717030502
87,-0.6563174389123647,0.3941312012571309,0.09586771855472903,0.2564270094878509
88,-0.6779155388981777,0.3396907657568806,0.045968293589983646,-1.108087677808295
89,-1.0210088644213016,0.3814506239734462,0.007436282261120159,-1.4140709644803762
90,-0.7055513494195838,0.33100396567420554,0.0330438960704286,0.5082691855241537
91,-1.1488824789224608,0.37233583871890336,0.002031363701233953,-0.433455794346318
92,-1.3702369155296306,0.35298882176949303,0.00010368020910421132,-0.27250314177907864
93,-1.320568463184713,0.41830211977063503,0.0015941615196558192,-2.4460783245752324
94,-0.34435065635329165,0.35468857691878486,0.33162122253345006,-0.5213494007679484
95,-1.0734729988858256,0.4100925120861857,0.008854114963497764,-0.6656242255981359
96,-0.5053359776808051,0.32254253166125485,0.11717860053313267,1.6112779541638966
97,-1.0348513056727429,0.3529829916171792,0.0033707818779006643,0.5941521929327784
98,-1.3204572994357844,0.35562690097018473,0.0002047836155799058,-1.0286171056805173
99,-0.7736591020605409,0.3843002731296417,0.044097481196720925,-0.36762315674705004
100,-0.420138997376458,0.32674224736872226,0.19849811009232587,0.8092247131016586
101,-0.2016757293115658,0.3695475191856874,0.5852467813188758,1.2954731403071453
102,-0.39406729746725977,0.3682747403604891,0.28460302234402535,0.5375247336966265
103,-0.8390793889294064,0.3968569928553728,0.03448865249145041,-0.7657414805659641
104,-0.3161153489927514,0.38561322312664525,0.41234546623582846,0.4068338982865711
105,-1.1390972245768527,0.4212469291020847,0.006848800871461591,-1.5228611871980844
106,-0.8837237828865512,0.3725740261323403,0.01769489357707172,-0.8973139492257349
107,-0.3000857354373836,0.3665135941553508,0.41292481230155287,1.021318445554538
108,-0.3723314224501616,0.39219305946575117,0.3424388181377055,-0.38532603486584005
109,-0.6040774149117649,0.38246307909605615,0.11423521098989928,-1.3912588806433233
110,-1.2275192386019262,0.4022609861038822,0.0022766364337716265,-0.7657534128099597
111,-0.18766303895328604,0.3380463441905788,0.57879892210699,0.42297236762413526
112,-1.0678813281274027,0.42629436547670574,0.01224400706240178,-1.7303316324212963
113,-0.6632174041082378,0.3650552706953086,0.0692540418956956,-0.27363698638838585
114,-0.6396046079769517,0.38800846801370253,0.09926456499419159,1.0306334925416163
115,-0.4029244516356562,0.34948845302265164,0.24895235512991276,-0.24580613943271867
116,-0.7916002330192984,0.3918978359737024,0.0433922274249116,-1.138361140061975
117,-0.3262196182130547,0.4069506435460013,0.42277302765607083,-0.9310473042216145
118,-0.6656018612100252,0.366490252450969,0.06934711900597335,0.2913752075456362
119,-0.12185430949111009,0.40835938856230564,0.7653981358490443,1.4957241323298387
120,-0.9270327387035966,0.3857483618034469,0.01625203386400673,-1.2563252475849866
121,-0.658074861486182,0.37866960353064827,0.08223543678226236,-1.6387138582311183
122,-0.30046635734332594,0.3103254956543351,0.3329296719478968,1.476114719651315
123,-0.18331533294402708,0.36587960910649775,0.616352563375541,1.1840934926292075
124,-0.5038062995772307,0.4236785362334911,0.23439089042776862,-0.960611853519481
125,-0.6227707633816025,0.37532341218534254,0.09705716610612106,0.4384211093099877
126,-0.6790677551833125,0.3401141903016588,0.04587000729950684,1.4406694398301698
127,-0.5988943883110549,0.41004434435595827,0.14413621644039695,0.7350249198179166
128,0.24862753959228645,0.3779044062793198,0.5105951964982163,3.565669027621935
129,-0.5412915506467767,0.38708626173020355,0.16200064200025655,0.012135752004357236
130,-0.3500668550976057,0.4045609913580546,0.3868738398552367,1.1931802868701071
131,-0.5326688761458488,0.4070672562916757,0.19068597964306488,-1.9264030124019422
132,-0.7187974264097593,0.3741431784307014,0.05470867008538699,1.2389524670227887
133,-1.0383889595672162,0.43881944612935636,0.017965717120084407,-2.2445719916354436
134,-0.8626686271255974,0.3559730739824615,0.015375572109467838,1.0911103730400482
135,-0.5217208256741624,0.4148972499282683,0.20858351235831762,-0.3875006465537476
136,-0.32943532118834534,0.3086666117310326,0.28584304760823764,1.5096720490500553
137,-0.7725824095567286,0.4113773005913697,0.060375898128145325,-0.5482470132838904
138,-1.0891688758965996,0.43330377715685015,0.011949298948898226,-1.056737082676733
139,-0.5234128030742398,0.37517359787888815,0.16297916323544415,-0.8771798738548879
140,-0.07649102749325992,0.3454409815719337,0.8247575657568764,3.361490790425629
141,-0.7639625125874188,0.3687851137213148,0.03830598162110137,-0.25036091049143305
142,-0.8253932302515552,0.4207862502720071,0.049814909147199785,-1.650115535162568
143,-0.6311875003304963,0.3515579939615798,0.07258986658886382,1.550383521784366
144,-0.15092699406821902,0.3766547269752679,0.6886381859866659,1.4005082681856864
145,-0.4424226306781756,0.3691466323540524,0.2307220100575449,1.5864215059671043
146,-0.5041654847085415,0.3787649379626456,0.18316351328136538,-2.373919246103953
147,-0.55734971219953,0.36494074578350344,0.1267029726723153,-0.7626717724405987
148,0.028973296823541106,0.3717759961984819,0.937882037749334,1.396471729955075
149,-1.0098685655472006,0.392147855029115,0.010017518887989314,-1.2157500274646527
150,-1.490687564665457,0.4009395431281295,0.0002008174825785685,-2.5464852537081155
151,-0.8735383282404108,0.38942427355161824,0.02488693324740682,-1.218193788909332
152,-0.45901864502688183,0.35542250234841516,0.19653963399895602,1.14748413535969
153,-0.07582164943929565,0.3770688862871384,0.8406346977288311,-0.019312243896661307
154,-0.7556279356799158,0.352813460174308,0.03221595374933832,-0.512998956795081
155,0.11252018252227736,0.37448420253028203,0.7638208877089012,1.1142927970900631
156,-0.23849193729678883,0.34223427360063563,0.4858857283143866,1.3914566100179844
157,-0.9722968769335327,0.38289364372300655,0.011106205481005285,-1.4225181652577499
158,-0.8380191769122418,0.42661914813028995,0.04949227334916085,-1.4153239842196328
159,-0.7556297325596442,0.3759167754221688,0.04442076869916792,1.0050063950935209
160,-0.7250806933157503,0.39596512794286143,0.06707470949190858,-0.6762072381697513
161,-0.8723602234978649,0.4281781390393238,0.04161229301650267,-0.09558055514111885
162,-0.1570484946902455,0.40669989549004737,0.69938315955299,-1.3340837808878216
163,0.43903810986295544,0.35375823155276215,0.21458053677181377,2.413425104880735
164,-1.0452434365658094,0.4003273075658356,0.009028525546628547,-0.9103347864507878
165,-0.7884876083657393,0.3654415603266425,0.030956624241086476,1.2807987594385923
166,-0.056003221962934474,0.3431372908316744,0.870353586864352,0.34328812617734883
167,-0.8063028463368398,0.38798742495396976,0.03769393687403181,-1.4719744826053622
168,-0.6427683040199219,0.36560384009109664,0.07873040609782235,-1.5587152668254527
169,-0.6857573641729177,0.39295801933613467,0.08096466249008315,-1.3559924720321357
170,-0.8152609443977138,0.333110189024576,0.014388257687326671,-2.3015686173500027
171,-1.073716383758038,0.3840424003511156,0.005176698951499134,-1.4191700986193911
172,-0.750552993593968,0.3726117497179027,0.043977723228989685,-0.5877606914482891
173,-1.00184863289459,0.38528010579343075,0.009313893112857363,-2.112085073606016
174,-0.8047901332569675,0.3811839523318411,0.03474733298638399,-1.0202419458184426
175,-1.137557089325379,0.40124369279146405,0.0045814525801442735,-2.3097394125368114
176,-0.04062333171781002,0.39440882946085754,0.9179645359429596,0.2583305490566561
177,-0.3873976412165911,0.3696168936328399,0.2945898254487448,0.3663821898984896
178,-0.47418879869869,0.3683277830467867,0.19795148920946937,0.5128837125003134
179,-0.493632816534908,0.3488552777506183,0.15706631209494537,0.42400783234410877
180,-0.49687032722308766,0.3552599215392564,0.1619297562006553,0.1549082679313445
181,0.2361375291186719,0.35499078619808805,0.5059267994017428,2.0624437585150672
182,-0.9996182275777555,0.3999323048143894,0.012437973023882956,-1.4511397324864221
183,-0.6174251660808344,0.369435804345652,0.09466932688865644,0.005438681773548559
184,-0.9696252543087833,0.3750735576999792,0.009733374551734158,-0.13333521329224496
185,-0.8937823565204088,0.38537424262125924,0.020381042658570464,-0.8864241026519579
186,-0.39546997312371157,0.4048087173018879,0.32860357249698513,-0.7100951514274136
187,-0.3201275754046189,0.32513524090540147,0.32482147048237664,-0.40350780753739723
188,-1.4400221260581063,0.44764171935060254,0.001295802464511775,-2.92085791641329
189,-0.8247235585319308,0.41261847002175916,0.045634782703802654,0.2177192233764238
190,-0.7802452021560125,0.4076819169739071,0.05563833230414694,-0.30448105648941226
191,-1.0676901704892048,0.3626955339528353,0.003242468169955278,-0.541736405099714
192,-0.6344832475780448,0.3895549040141264,0.10336829228666596,-1.2356254900277803
193,-0.2990186464458712,0.37309804254746415,0.4228723885045934,0.6660449724371054
194,-0.8283736936315409,0.3857467181262313,0.031757081182408026,-1.9035382987583525
195,-0.6795966411556165,0.39498836913538027,0.08533278783040417,-1.3938802237833317
196,-0.8279097778907265,0.41995861728969575,0.04867722670822913,-0.9941341670932671
197,-0.2155879293095303,0.39808464191303083,0.5881195582000343,-1.5963424818496028
198,-0.6319416524971746,0.37916607173900035,0.09558164924758478,0.3997339978372789
199,-0.8109994092763924,0.38270050871005135,0.03407787480300703,-1.1071241053961556
200,-0.9859285690431141,0.3788835237567102,0.009262933945805513,-0.08843267791121878
201,-0.5118323409879155,0.36418872699192534,0.15990113936116235,1.2224767353853485
202,-0.7663188108473544,0.39058785194856693,0.049766822793298186,-0.1438455946328947
203,-0.28026557879134273,0.39177083003481455,0.47437338056123657,-1.3225467207319017
204,-0.43185572747040774,0.3629857694664886,0.23415180666248914,2.2186610049055346
205,-0.5420588794289235,0.37682410968874264,0.15029419555112125,-1.40214499521477
206,-0.33149468968600865,0.36526962656429046,0.364124356042848,-0.2538552204867228
207,-0.4302889245810431,0.3956900504458684,0.27684269614369506,-0.3772530388725137
208,-0.5829310897076465,0.35196133481321845,0.09767400305292136,0.45984842566108597
209,-1.4788488276271525,0.4025226716834551,0.00023882795852841205,-2.6374436865986324
210,-0.5975022591648331,0.35974709355315454,0.09673447509865213,0.4705464172572382
211,-0.025384419014795684,0.4078487619580023,0.9503718805126256,0.878515656860281
212,-0.4300053121844963,0.3865979433719329,0.2660176116144083,-0.3587247021030242
213,-0.472584452385241,0.3566394734505089,0.18513660425205403,0.6860114163887738
214,-1.0409070954719066,0.3943059246031173,0.008294359773186852,-1.7967040685326072
215,-0.7751139533976604,0.35188667247259536,0.027613258723650946,0.2817731912800001
216,-0.692704586431901,0.35855943305789395,0.05337060424049262,1.403244892052892
217,-1.1639968937458733,0.41563260934415597,0.005101674850612689,-1.5314465180967893
218,-0.41545860529418277,0.38429667443125765,0.2796578757451068,0.06588791675113281
219,-0.21689282849048822,0.33092899889663846,0.5122064341310595,0.6084176808023214
220,-0.5954958376460524,0.37954202532473535,0.1166513770922352,-0.7943976767793544
221,-0.40444409751817356,0.4167347228639882,0.331793679819231,-0.4372426416073827
222,-0.7340808827680734,0.34006399172912094,0.030876931710421447,0.32774257745378854
223,-1.128093090981872,0.37269643853691964,0.002471234045289048,-1.7748120095986337
224,-0.720269357800351,0.3811457267379015,0.05879167710942978,0.724222737652946
225,0.17792964334091038,0.3899886585899133,0.6482151592939942,-0.6293166656514604
226,-0.7733122797798881,0.36646267319572673,0.03484048720089656,-0.18148756292789692
227,-0.9326962434627165,0.3466807225640275,0.007137479422182304,1.6267941615164148
228,-0.1732956681725078,0.3691620599729634,0.6387624592685401,0.3904657071068618
229,-0.30628735210658803,0.3434517650737631,0.3725047182768271,0.820616653800887
230,0.3107091756748113,0.35876635796472034,0.386463398070756,2.206463561716931
231,-0.28580583236809587,0.4034884770562212,0.47873598219758595,1.0835444195474904
232,-0.6428296634583518,0.39676656231247037,0.10519555700451204,-0.14270372607946058
233,-0.02810903314229421,0.34716334227798534,0.9354676036256792,2.187018839546042
234,-0.7590232389830704,0.39976284156643455,0.05760606022286979,-1.2218866425270738
235,-0.391320974933309,0.3203270023798092,0.22184769772546675,-0.8616106572958939
236,-0.7492806825992526,0.35675174474902227,0.0357036931116995,0.9085437979614643
237,-0.7587177840875122,0.4265371851882914,0.07527507994103258,-1.6285272911785285
238,-0.9296064826869337,0.39167668419133217,0.017625038185129605,0.5449597294321631
239,-1.0315073918180664,0.3833727136347655,0.007132099664861912,-1.260772115621502
240,-0.622462573415983,0.34571706424507376,0.07178218025635398,0.8691254498995309
241,-0.1141984692577591,0.33124592534736796,0.7302790647791337,2.5181680967492115
242,-0.712704163604291,0.3686344196444004,0.05319149050627497,-0.4123387687507254
243,-0.8931318032901945,0.45093278863400754,0.04763258442148233,-2.6056730242199198
244,-0.3894028671965766,0.4037314511747717,0.3347904894023217,-0.2946981577838139
245,-0.7422972539179987,0.37391177662582203,0.04711996537558994,-2.0850933983647666
246,-0.48545205558610083,0.3654938513649814,0.18410922314004552,0.7338562414479153
247,-0.8631529379307252,0.37422748337674006,0.021083120637885745,-1.1315118067483256
248,-0.6921319241937712,0.3807445918748886,0.06908892214282074,0.3147566130520545
249,0.23103638461858497,0.37389101583962003,0.5366251687792123,1.3146730894715253
250,0.07252859357514924,0.3782900460653696,0.8479556869648206,0.5764268748270354
251,-0.6001951241168497,0.33717334186424314,0.07506306246749657,1.217679214147414
252,-0.6376285648233228,0.3496822013413762,0.06823502325545394,0.18837191236816597
253,-0.7381598398227307,0.4210225393381123,0.07955825922689158,-1.4677923648686138
254,-0.8669970857368708,0.3807009868490296,0.022764127586590695,-1.2400035047401659
255,-0.3103952363344262,0.3686614227204148,0.39981480028296756,-0.3767762294110941
256,-0.38891669855169236,0.3501247263033461,0.2666567181886529,1.201107278662807
257,-0.303332865173067,0.3914434702343595,0.43839373994486897,-0.13526558308766923
258,0.3607234492334472,0.3566084881819633,0.3117584500883084,1.046611977593125
259,-0.12095840612082531,0.34199021797018986,0.7235714676587202,1.9743707148857883
260,-0.34807475547403544,0.44481028707083303,0.43390664627221676,-0.9040794435385244
261,-0.9720933630403961,0.42272264469832954,0.021470842561769805,-0.7917808655692564
262,-0.4973473645083545,0.33492363303434175,0.13755507976911252,1.046720011537896
263,-0.2947417060262848,0.4110048555638199,0.47329719793053593,0.7759816919550255
264,0.3087040420863152,0.41556124688663826,0.4575661329448746,0.1350014809123854
265,-0.20157243393176782,0.3547553135741178,0.5698982819969992,0.028709128232790704
266,-0.1591851909121646,0.3826817487671289,0.6774299214611965,1.0203228502444315
267,-0.37278883496550447,0.36866406805575463,0.3119262590962887,1.5013572963194406
268,-0.2303010019711833,0.39403672859455,0.5589069508995014,-0.325027861550236
269,-1.0550679956462228,0.3771411639399866,0.005149317777966887,-0.7460974889749696
270,-0.6409732742891986,0.3801670385779468,0.09178989849294694,2.0188872324060294
271,-0.43398270565955105,0.3906490443795134,0.2665996240868316,-0.05177608667757738
272,-0.8340059530342429,0.3801485732151591,0.02824297804266131,0.4413257419827037
273,0.13272571603130798,0.3697757356930255,0.7196431849471516,3.6317067594555335
274,-0.3734049947523248,0.4117121767242394,0.3644298526062012,0.28616163974924635
275,-0.6937396945745791,0.3988685818450983,0.08198748607589958,-1.2726473060920664
276,0.030161216165705107,0.3632768822985022,0.9338313261973048,0.47863911485714183
277,-0.0955555683272088,0.3795929519006041,0.801248474706504,0.38668035332194783
278,-0.3695958682476915,0.3838610048801634,0.33562895040323737,2.2084873329240384
279,-0.8100790608151416,0.40612350675040215,0.04607977411485172,-0.744009605513396
280,-0.19103947466954047,0.3596977417922806,0.5953417708391378,0.041008701391525015
281,-1.4557515933002336,0.3816379206907843,0.0001364679934939137,-2.6983466860993683
282,-0.792198980239451,0.37056723009118614,0.03253290107086247,-2.1164656327467437
283,-0.7101579900129811,0.3651494080420966,0.05179396941274983,-0.36129218133720453
284,-0.43859246163726995,0.402432034651136,0.2757771351291217,-1.6995328356369903
285,-0.23776458881467122,0.39509993932852006,0.5473183195690223,0.5094676401806959
286,-0.3736274892888518,0.388399743066753,0.33606649945177014,1.4691736972804783
287,-0.14418654894065486,0.3735061809625867,0.6994705686513926,2.350424186948224
288,-0.19970703337535278,0.4061319531933393,0.6229106311973595,0.6127055083056674
289,-0.15473195232993353,0.3963267101535309,0.6962295862637002,1.4873222523095357
290,-0.9950612860140761,0.3802785161746744,0.00887935730252848,-0.6994302563707286
291,-1.0509085901995123,0.37703255322605367,0.00531467469892075,-0.7440033111521362
292,-0.6745308911236568,0.3808033220358408,0.07650473179018809,-2.006465954801695
293,-0.26776045744193805,0.3953505927154054,0.4982324768956492,-0.5410164309557803
294,-0.08818680757975629,0.3966612462143038,0.8240626658486295,0.7748929625704286
295,-0.7654475279891764,0.35974785618745525,0.03335919429269158,-1.6601057675835227
296,-0.7862588803800966,0.37581845314911133,0.03642740693432395,1.5471209038599816
297,-0.9058759050866232,0.3898757480150449,0.020152362077774814,-1.250021990953293
298,-0.31560952614491566,0.39733211948110075,0.4270081720366017,-1.1086574830467013
299,-0.062356133143506354,0.3745941592268542,0.8677924607690031,1.7567849972459886
300,-0.5990385504482901,0.36849219690449836,0.10402458822027603,-0.0664197065037655
301,-0.9114458994469682,0.4045952675677528,0.024275865948351107,-2.9553277281971564
302,-0.8089976675868027,0.395249525129487,0.04067749218717489,-1.7147499862604239
303,-0.5331333250262622,0.37664934289003776,0.1569326989900782,0.5994872094320778
304,-1.1269223658139018,0.38790270728595205,0.0036705652825264794,-1.2532082006177019
305,-0.0306365892288658,0.3697939773882579,0.9339726215823664,0.5322342455172064
306,-0.8774333407705015,0.36964220964875893,0.017609094473380462,-0.8010699824957142
307,0.04919274082870739,0.37313093227373995,0.8951126306472912,1.1686238605435442
308,-0.6079534002615947,0.37453617348050955,0.10454307272896975,-0.3545953292142059
309,-0.1735064905221249,0.3737551338354648,0.6424865256849568,-0.07004869757241217
310,-1.4248185717637534,0.4060592702924161,0.00044997572510129604,-2.431768393036884
311,-0.2668304632667478,0.388813689698548,0.4925440105109873,0.1519193442730451
312,-0.21703636470395266,0.39002172522541967,0.5778878884144018,0.003047861349402936
313,-0.5993475850494425,0.36941549498140064,0.10471316141706462,0.5441611738827152
314,-0.37735705465076197,0.3516659861163445,0.28324629948625013,-0.7634408385383091
315,-0.8115225181074129,0.3987094590024216,0.04181334323569113,-0.2877340104027031
316,0.015931644504367848,0.3764493139493374,0.9662429463944688,-1.5104695033890696
317,-0.9176295139105372,0.3960443854470254,0.02050446450192135,-0.2824403744636408
318,-0.2542565813972393,0.3920722400154295,0.5166653481570704,1.0302136127669765
319,-0.44020401520917674,0.38799759784267224,0.2565624644517137,1.0027795315307468
320,-0.8567789948387404,0.3962414914594485,0.03059777798551088,1.1719261866607433
321,-0.3743652969661682,0.40375852930530454,0.35382220323119373,-0.478704291714493
322,-0.49151613417483436,0.35998095516402867,0.17212898874495275,0.866977608558587
323,-0.734642182080315,0.3971487993111189,0.06434371213183039,0.1937775563150712
324,-0.6570024575373212,0.3946287293666995,0.09594024959264696,-0.8800243958287668
325,-0.41083317668348435,0.39332011596581207,0.2962419915347394,0.39212779268784814
326,-0.7126944898036175,0.36710092167701236,0.05220820663289373,-1.6363419972771185
327,0.1887352710304221,0.31035813418384656,0.543107284799327,2.304006036575225
328,-1.2993887116161005,0.37542792559350296,0.0005379989213078127,-0.9687291446043105
329,-1.1332315575599843,0.40385883710308285,0.005015928133506318,-1.6942872908568551
330,-0.17029534192719803,0.37567498616409506,0.6503291476404367,-1.3453516804781165
331,-0.8141242480728792,0.35983129066604197,0.023665507879861346,-1.0835686217264975
332,-0.7768835249091679,0.3686156607192744,0.03506814989811374,0.7001538088110175
333,-0.5568267918201513,0.3582858470635348,0.1201507425034977,0.6417811362891852
334,-0.2827719702261586,0.4095038863058494,0.4898651698248233,-0.08697505533095384
335,-0.7523231850395814,0.3946851524433391,0.05663269211836587,0.19838910231856932
336,-1.4067483302425419,0.3823054024453775,0.0002335584576859371,-0.7788925710180212
337,-0.33276743304969053,0.3514764774613483,0.34375592157679846,0.5471160608918435
338,-0.02699017236911236,0.3591430980831822,0.9400941064722572,0.3244720062847781
339,0.01623087294142672,0.37713242889494525,0.9656715646942121,1.9140742432624607
340,-0.8418855740116691,0.42149728181164026,0.0457851206080947,0.10813030513186206
341,-0.7243941568591067,0.4014936279714154,0.07119240577580675,-0.8319949158031017
342,-0.9344596910786471,0.4034458366582085,0.02054756165291966,0.7195244763823929
343,-0.6441946937676714,0.41027807016446083,0.11638215639207623,0.8629489438368152
344,-0.6001457888915379,0.3887755330966315,0.1226653912514899,-0.5870451582077427
345,-0.8255474106524651,0.3876524342403266,0.033204057073990004,-0.703590911241383
346,-0.38274250725949915,0.3743801316701748,0.306621620853077,-0.1636400830963023
347,-0.8872588015529188,0.3919464703360487,0.02359106873564091,-2.044185814008409
348,-1.2628793782940468,0.3846154287284817,0.0010253173472194723,-0.6297924696337018
349,-0.6968107322957479,0.4032586233653662,0.08399719161678128,-0.028294106284382003
350,-0.5941060174662465,0.37073141782714064,0.1090397710907246,-0.7593207360559866
351,0.10353329890423012,0.37404256784283235,0.7819371381081852,1.4545794475377511
352,-0.6470973994179332,0.385922198020008,0.09359018557156813,0.7727859387012792
353,-0.6676197799737261,0.3568342438657892,0.06135171979603542,-1.687349743548002
354,-1.1452225169477013,0.4003859284267484,0.0042324493466779365,-0.24655487446045043
355,0.007654119597377218,0.3880788808389702,0.9842642611252249,1.155122682235671
356,0.02137346233266594,0.3350655351579281,0.9491383157846819,0.16006128981879986
357,-0.3279664042271273,0.3979536611221351,0.40986447725281205,-0.15470910838746654
358,-0.705937029254006,0.3600744564192333,0.049933792306251085,0.39657970451526925
359,0.35658901955977795,0.35419016655010765,0.3140439768741321,1.824695491058748
360,-0.7790529393764832,0.36717974767141925,0.03386118368887585,-1.451321943869993
361,-0.501349384672929,0.357960156021775,0.1613417535718089,-1.3766898210778793
362,-0.20787675046852883,0.34809277078118134,0.5503820141181619,0.6101527149110284
363,-0.6907723429227921,0.3450775723488134,0.045307474891014665,0.04822459084169939
364,-0.9463380927809776,0.37581205741465545,0.011798469030310094,0.45638735222808346
365,-0.6976688640238545,0.38258887240603334,0.06822055632972861,-0.539957637344564
366,-0.475363884456478,0.4161484983241657,0.2533318826241493,-0.2901913520639514
367,-0.6619362584780994,0.37769374055650545,0.07967514432252927,-0.47660039349806915
368,-0.20435940098481886,0.3481306280253378,0.557190738111289,1.8478151998441947
369,0.26983026843299535,0.3588271593060437,0.45206405638003677,1.8552191124126547
370,-0.546329165725875,0.4008292024839392,0.17288332617874091,-0.9314512651779703
371,-0.38456716850135253,0.4126794542738551,0.3513992477036335,-0.579144130592594
372,-0.06815847006520617,0.37088951131574066,0.8541936706242412,-0.3885781819599421
373,-0.6249362669707548,0.413996939715718,0.1311661908925135,-1.021309889324253
374,-0.33666191853525174,0.3598057176740827,0.3494395389552104,0.13969473967378843
375,-0.21304030166155985,0.3302132053541867,0.5188236026907042,2.46381910076489
376,-0.6864309787113559,0.4208658609535835,0.102890941450721,-0.8033156448731482
377,-0.06284317089051748,0.3670352152174485,0.864052064447041,-0.1285292705274319
378,-1.444828199864013,0.3930573991235509,0.00023703951008925597,-0.4160107843511929
379,0.14720305822964128,0.36117076429612005,0.6835879904690023,1.9883693701606244
380,-0.9636945502569747,0.3756872040806012,0.010313079950633883,-1.1035097565787249
381,-0.9410951820658988,0.3862019755314373,0.014818062523507515,0.07398998050545913
382,-0.730449810269508,0.40600718001055414,0.0720019705631511,-0.9598053655852787
383,-0.42979258640945595,0.3877157062390947,0.26763511153051667,0.1212489191542625
384,-0.9764375183036832,0.39623411190478036,0.013728328472699653,-0.23505207590017907
385,-0.5798914273254405,0.39089783236624204,0.13794535672792296,-1.558582500480715
386,-0.9088121061017891,0.4072240970408542,0.02563315880759367,-1.3706759876209622
387,-0.5887437041461563,0.38464495428462164,0.12586433606981645,-0.3831833674202434
388,-0.34704191329026435,0.39053235981813506,0.374197636770498,0.7144619189543597
389,-0.2087378444373036,0.4183343164403258,0.6177978737885765,-0.43053895758656946
390,-1.037191606686377,0.37567135778322164,0.005764206224465463,-1.8594463952345919
391,-0.4383989821588318,0.36318692781736855,0.22739783181111795,1.1661213334767324
392,-0.9090951065703374,0.3765836392033727,0.0157759094967127,-2.135834787058587
393,-0.37020720088346215,0.3533963339879204,0.2948370219428572,-0.3080110813588881
394,-0.5418479665793351,0.427618654218015,0.20510919369003566,-1.1981249408775314
395,-0.5232037156459385,0.3674775835816063,0.15451293939014213,0.8530176785509767
396,-0.008503277621601635,0.392328357968076,0.9827080998814914,-0.11219527669706064
397,0.6623126374490109,0.40847197663991286,0.1049233942714281,1.5939082837338767
398,0.35657782707079344,0.3568465473534031,0.3176750731039496,0.8996855554196186
399,0.10401136052502727,0.3945065826933321,0.7920502127999942,1.339680655551998
400,-0.9678432189564301,0.383993061940325,0.011719803202220578,-2.0624602821626024
401,-0.09456222647181328,0.3701944295596516,0.7983837774626626,1.0442531101338242
402,-0.6959339062285371,0.3163848550992845,0.02783219469440266,0.5828276766755414
403,0.03289916429756823,0.3602962038104509,0.9272451301418181,0.2850643667727484
404,-0.5812893940659998,0.389178957870007,0.1352723354761421,0.4026162058936871
405,-0.42484282199396295,0.3683906013314869,0.24881183957967878,0.3943857260611603
406,-0.42272869735652424,0.38514721827360404,0.2723892758544687,1.8582307341668152
407,-0.4193323511969969,0.4141843717667923,0.3113328838065259,-1.5743146778293786
408,-0.7345931287723176,0.39291159289241173,0.06153739942618701,0.3105654673680798
409,-0.37668011898107373,0.3187795089298244,0.23735168795263806,1.0228770606544928
410,-1.3080298138896556,0.39440976638341213,0.0009117754910897974,0.27676139857536075
411,-0.05548379650525766,0.36240794131837833,0.8783212857103498,0.704368719384576
412,-0.422214190492678,0.3444755395439609,0.22032194859530008,0.21165455951438794
413,-0.20210791165938263,0.402917494845726,0.6159410681772238,0.4353438775399514
414,-0.6813648960017681,0.40922975378029314,0.09591404485222069,0.25275524465579924
415,-0.698514266237745,0.3977754526843841,0.07907957850948764,-0.21180889742590026
416,-0.957207563403342,0.4126995051201207,0.020374364292017107,1.1932504744439214
417,-0.43146913235977385,0.40540986740954854,0.28720241310069716,-0.8026603997079498
418,-0.53529549893016,0.35781055551258084,0.13464571118956714,0.19622871741024106
419,-0.7873367111388538,0.38532237476528985,0.0410208233090461,-0.46124292470237904
420,-0.7474798306662536,0.40950523671496936,0.0679521159215482,-0.7098736822560507
421,-0.5849433597366922,0.3757362608957079,0.11951977943733601,-0.5959785072704147
422,-0.5901781149546138,0.3382576284948167,0.08102679065341482,0.6536649861963331
423,-0.046490358314405233,0.38283639892361937,0.9033452128987628,1.5141432349269386
424,-0.9114932634826594,0.39281946937602735,0.020319941405912728,-1.7733940570807345
425,-0.6288790381112663,0.38522799151300297,0.10257729007651287,-0.7374179104056413
426,-0.17978991453909093,0.4171555210616544,0.6664755431318665,-0.41480212328999766
427,-0.2430188335114938,0.3918019021558965,0.5350869851524228,0.24059911944514045
428,-0.17669716886914408,0.4078895576535714,0.6648705251953243,-2.010894718548017
429,-0.3485345493566059,0.3798457238899887,0.3588447076100718,0.3349267059950023
430,0.24678631979101576,0.3744308406052635,0.5098333516053397,1.7831057894924158
431,-0.7158646716643512,0.37459858547024194,0.05600225676601678,-0.36914632714688356
432,-0.414448277127312,0.40104239190009905,0.30140383516958236,-1.2179680790363818
433,-0.5243376986966395,0.373097604983618,0.15991326029101738,-0.7802988479340298
434,-0.2528799979076525,0.3967486003576023,0.5238767370308444,-0.9262024839212657
435,-0.41786658739309224,0.3669900419170199,0.25485669618391904,1.134470509176615
436,-0.23008235878008912,0.3917471573495192,0.556986380239566,-0.5210366948096175
437,-0.3236532441929806,0.40931386131184055,0.4291065643246402,-0.30355118769630174
438,-1.033565974117351,0.384091572259197,0.007125178729465271,-0.4116162765680489
439,0.04719529492646145,0.38846324348518957,0.9033011091395837,1.52826359913092
440,-0.7372764380603868,0.4287530435106474,0.085508271378269,-2.1989220786888737
441,-0.7579290631258425,0.4019792641430425,0.05936331721260751,-0.8637242093214228
442,-0.3847933472427435,0.3687255535397124,0.29668133923536344,0.6837258149910292
443,-0.7261734563500892,0.35427691541499357,0.04039039044573782,-0.10141109206496246
444,-0.21980771915114328,0.38530070462183186,0.5683497667413151,0.04975504863621616
445,-0.25765962767605566,0.3951795754949055,0.5143970187564786,0.544392310350494
446,-0.8071654497029929,0.40695806511108634,0.04732144430164689,0.1747873244824305
447,-1.009542032600983,0.3572113960494853,0.004710747273182434,-0.9403370353720648
448,-0.7938548298975157,0.3335604226438411,0.017315311000009936,1.218283769621507
449,-0.19915988277619942,0.35838143236615383,0.5784019898270667,1.5697005248985842
450,-0.7008348387610535,0.3825482840938804,0.06694893501943104,0.2565113875030596
451,-0.6865752100205756,0.4219946114764375,0.10374214226679754,0.08294514418829468
452,-0.28437193360336555,0.35832285216540033,0.42741708923577837,0.10039827032522819
453,-0.9858857806493796,0.41594785419271463,0.01777775123300852,-2.3447021336270204
454,-1.504776239334792,0.3752779235188841,6.077923711538108e-05,-2.2311497652089853
455,0.09811219382204167,0.40924025503578615,0.8105300520777283,0.5526545427829781
456,-0.7394449480255667,0.35618109425623484,0.03789057642593438,-0.16182987457872144
457,-1.1688949025876239,0.3904192011717368,0.002753926073514098,-2.3247249400549688
458,-0.5644236905879008,0.37963163479411605,0.13707642702063824,-0.012671829958168068
459,-0.6558260323552718,0.39415556604760366,0.09613718888430157,0.10941487482937706
460,-0.7761606340935057,0.3461708176002582,0.02495284863573529,1.1276942003395258
461,-0.5733504724606557,0.37114107715283756,0.12238699616603574,0.027512009714746988
462,-0.5294673506887431,0.3722966348608019,0.15497827333074202,1.522166051950931
463,-0.38774952359350595,0.3693541220106965,0.2938081251523047,1.6352261515438928
464,-0.25715819176615207,0.35197887367108943,0.46501929969709477,0.9376710430386908
465,-0.7370287776355975,0.37984308566106045,0.05233708992784378,-1.4301217691272488
466,-0.3928645125219976,0.3876899004087696,0.31089430366353854,1.0932818781553397
467,-0.2157891383634093,0.35999794247560546,0.5488943772438746,0.8436549258135067
468,-0.25936926089488066,0.36275500275069744,0.474610007524632,1.4319394017094975
469,-0.9956645093370188,0.3585268403363901,0.005484648019241743,-1.103213878833162
470,-0.5178467868329061,0.40525022788405,0.20130424988979012,0.015583027971624475
471,-0.8540641327026103,0.3866149880775372,0.027168951979683165,-0.8997070002573251
472,-0.4231125752196911,0.39877301555650846,0.28867348418022665,-0.8825703367490307
473,-1.1335848993599464,0.4268562276734546,0.007915343505002519,-1.7841685786714994
474,-0.6249532961568702,0.3662453415183513,0.08793757016375395,-1.3857543279051594
475,-0.8198536954690229,0.4235873674634685,0.052928868600081606,-0.7497985842690404
476,-1.0635480905654624,0.3980292110638778,0.007539272365678311,-0.5746778396163794
477,-0.3518730695097521,0.34723274189238656,0.31088645296108697,0.5972467677521873
478,-0.3987004493011971,0.39030834916537116,0.3070170381102416,0.5850846183579739
479,-0.8380950369302835,0.36719312303561885,0.02246357437896254,0.07971165491819665
480,-0.28609142890982125,0.4229013718038286,0.4987252707964822,-0.5997196345788947
481,-0.11554214549240849,0.4014807817502101,0.7735075090975749,0.7394095894014452
482,-0.8722980695938769,0.38421548077150913,0.023187230915007014,-1.3020719610848293
483,0.03637372551709506,0.4067918115951781,0.9287512518009028,-0.5013965351533329
484,-0.9179112384036322,0.3668289386424523,0.012339389406775987,-0.0359406607273689
485,-0.6901176282906745,0.3508800226887531,0.049204037632287735,0.02294333594550313
486,-0.9156524720933041,0.38358788858825194,0.01698309694269106,-0.5396550514088343
487,-0.3655061383517627,0.3688810884401847,0.32175841734029187,0.23768630504492183
488,-0.40942296400999045,0.40214860723748297,0.30863579164528265,0.6839551973443712
489,-0.40957297820198485,0.39563977341327305,0.30056762984782126,-0.6670156301505985
490,0.4213194948765152,0.36377594241122624,0.2467889352146896,0.09723870416774005
491,0.7132136432203501,0.34259095758973207,0.03735866460013798,2.9895240435809147
492,-0.32591698181760487,0.3618120436883922,0.36769952838031994,0.22658010082048108
493,-0.09567693414320017,0.42191345948306846,0.8206032948821784,-0.9591328889728663
494,-0.8485908889001343,0.35229972706080037,0.01600863802968622,1.1484085796061527
495,-0.2899506329637432,0.34777847756830305,0.4044375524312306,0.8458091022275265
496,-1.1702420066516486,0.41247123031886024,0.004551847914479109,-1.3478857896015475
497,-0.6313998918846231,0.36232465325000784,0.0813972621244962,-0.4702572421386364
498,-1.074963078049015,0.39896108900702065,0.007051425252302493,-2.194602068504544
499,-0.5593689467794987,0.36549423051908125,0.1259065301306271,0.23726807688542983
