review_id,YEAR,PC,parliament_name,parliament_party,myneta_name,myneta_party,match_score,name_score,party_score,review_priority,review_notes,suggested_action
1,2009,BEED,MAHAMMAD AKRAM MAHAMMAD SALIMUDDIN BAGWAN,IND,MAHAMMAD AKARAM MAHAMMAD SALIMUDDIN BAGWAN,IND,0.9892,0.988,1.0,P1,high-confidence fuzzy match,manual_review
2,2009,NAGPUR,BALASAHEB ALIAS PRAMOD RAMAJI SHAMBHARKAR,IND,BLASAHEB ALIAS PRAMOD RAMAJI SHAMBHARKAR,IND,0.9889,0.9877,1.0,P1,high-confidence fuzzy match,manual_review
3,2009,SANGLI,GANAPATI TUKARAM KAMBLE ALIAS G.T. KAMBLE,IND,GANPATI TUKARAM KAMBLE ALIAS G.T. KAMBLE,IND,0.9886,0.9873,1.0,P1,high-confidence fuzzy match,manual_review
4,2009,BELGAUM,RAMCHANDRA MAREPPA TORGAL(CHALAWADI),IND,RAMACHANDRA MAREPPA TORGAL (CHALAWADI),IND,0.9873,0.9859,1.0,P1,high-confidence fuzzy match,manual_review
5,2009,KAISERGANJ,DR LALTA PRASAD MISHRA ALIAS DR L P MISHRA,BJP,DR LALTA PRASAD MISHRA ALIS DR L P MISHRA,BJP,0.9873,0.9859,1.0,P1,high-confidence fuzzy match,manual_review
6,2009,BAGALKOT,BANDIWADDAR CHANDRASHEKHAR HANAMANT,IND,BANDIWADDAR CHANDRASHEKAR HANAMANT,IND,0.987,0.9855,1.0,P1,high-confidence fuzzy match,manual_review
7,2009,OSMANABAD,MUNDHE PATIL PADAMSINHA VIJAYSINHA,IND,MUNDHE PATRIL PADAMSINHA VIJAYSINHA,IND,0.987,0.9855,1.0,P1,high-confidence fuzzy match,manual_review
8,2009,DHARWAD,HANUMANTSA CHANDRAKANTSA NIRANJAN,JD(U),HANMANTSA CHANDRAKANTSA NIRANJAN,JD(U),0.9862,0.9846,1.0,P1,high-confidence fuzzy match,manual_review
9,2009,SATARA,ALANKRITA ABHIJIT AWADE-BICHUKALE,IND,ALNKRITA ABHIJIT AWADE-BICHUKALE,IND,0.9862,0.9846,1.0,P1,high-confidence fuzzy match,manual_review
10,2009,AKOLA,DIPAK SHRIRAM TIRAKE,RSPS,DIPAK SHRIRAM TIRAKE,RSP,0.9857,1.0,0.8571,P1,party alias / shorthand variant,manual_review
11,2009,BHANDARA - GONDIYA,JAMAIWAR SUNIL PARASRAM,RSPS,JAMAIWAR SUNIL PARASRAM,RSP,0.9857,1.0,0.8571,P1,party alias / shorthand variant,manual_review
12,2009,BULDHANA,GAJANAN RAJARAM SIRSAT,RSPS,GAJANAN RAJARAM SIRSAT,RSP,0.9857,1.0,0.8571,P1,party alias / shorthand variant,manual_review
13,2009,CHANDAULI,RAJNATH,BRPP,RAJNATH,BRP,0.9857,1.0,0.8571,P1,party alias / shorthand variant,manual_review
14,2009,DEORIA,JAGDISH KUMAR VERMA,LPSP,JAGDISH KUMAR VERMA,LSP,0.9857,1.0,0.8571,P1,party alias / shorthand variant,manual_review
15,2009,MACHHLISHAHR,SUKHRAJ DINKAR,RSBP,SUKHRAJ DINKAR,RSP,0.9857,1.0,0.8571,P1,party alias / shorthand variant,manual_review
16,2009,MIRZAPUR,RADHE SHYAM,BRPP,RADHE SHYAM,BRP,0.9857,1.0,0.8571,P1,party alias / shorthand variant,manual_review
17,2009,NANDED,TIWARI RAMA BHAGIRAT,RSPS,TIWARI RAMA BHAGIRAT,RSP,0.9857,1.0,0.8571,P1,party alias / shorthand variant,manual_review
18,2009,PARBHANI,MULE BABAN DATTARAO,RSPS,MULE BABAN DATTARAO,RSP,0.9857,1.0,0.8571,P1,party alias / shorthand variant,manual_review
19,2009,YAVATMAL-WASHIM,DHAGE VITTHAL MAHADEV,RSPS,DHAGE VITTHAL MAHADEV,RSP,0.9857,1.0,0.8571,P1,party alias / shorthand variant,manual_review
20,2009,GONDA,KIRTI VARDHAN SINGH (RAJA BHAIYA),BSP,KIRTI VARDHAN SINGH RAJA BAIYA,BSP,0.9852,0.9836,1.0,P1,high-confidence fuzzy match,manual_review
21,2009,LATUR,NILANGEKAR AVINASH MADHUKARRAO,IND,NILANGAEKAR AVINASH MADHUKARRAO,IND,0.9852,0.9836,1.0,P1,high-confidence fuzzy match,manual_review
22,2009,NANDED,NARAYAN SURYAVANSHI DOANGAONKAR,IND,NARAYAN SURYAVANSHI DOANGONKAR,IND,0.9852,0.9836,1.0,P1,high-confidence fuzzy match,manual_review
23,2009,RAJKOT,NAYANBHAI HASHMUKHBHAI UPADHYAY,IND,NAYANBHAI HASMUKHBHAI UPADHYAY,IND,0.9852,0.9836,1.0,P1,high-confidence fuzzy match,manual_review
24,2009,BIDAR,SYED QUBUL ULLA HUSSIANI (SAJID),IND,SYED QUBUL ULLAHUSSIANI (SAJID),IND,0.9847,0.9831,1.0,P1,high-confidence fuzzy match,manual_review
25,2009,KEONJHAR,YASHBANT NARAYAN SINGH LAGURI,BJD,Yashbanta Narayan Singh Laguri,BJD,0.9847,0.9831,1.0,P1,high-confidence fuzzy match,manual_review
26,2009,KOLHAPUR,CHHATRAPATI SAMBHAJIRAJE SHAHU,NCP,CHHATRPATI SAMBHAJIRAJE SHAHU,NCP,0.9847,0.9831,1.0,P1,high-confidence fuzzy match,manual_review
27,2009,SHIRDI,MEDHE PRAFULLAKUMAR MURALIDHAR,IND,MEDHE PRAFULLAKUMAR MURLIDHAR,IND,0.9847,0.9831,1.0,P1,high-confidence fuzzy match,manual_review
28,2009,KHARGONE,BHAI KIRANSINGH BADOLE (KIRESH),CPI,BHAI KIRNSINGH BADOLE (KIRESH),CPI,0.9842,0.9825,1.0,P1,high-confidence fuzzy match,manual_review
29,2009,LATUR,ADV. BABASAHEB SADASHIVRAO GAIKWAD,BSP,ADV. BABASAHEB SADSHIVRAO GAIKWAD,BSP,0.9842,0.9825,1.0,P1,high-confidence fuzzy match,manual_review
30,2009,RAJKOT,KESHUBHAI DHANJIBHAI VEKARIYA,IND,KESHUBHAI DHANJIBHAI VEKARIA,IND,0.9842,0.9825,1.0,P1,high-confidence fuzzy match,manual_review
31,2009,RAJKOT,PRAVINBHAI MEGHJIBHAI DENGADA,IND,PRAVINBHAI MEGHJIBHAI DENGDA,IND,0.9842,0.9825,1.0,P1,high-confidence fuzzy match,manual_review
32,2009,BULDHANA,SHINGANE DR.RAJENDRA BHASKARRAO,NCP,SHINGNE DR.RAJENDRA BHASKARRAO,NCP,0.9836,0.9818,1.0,P1,high-confidence fuzzy match,manual_review
33,2009,GANDHINAGAR,KALPESHKUMAR RAJANIKANT MODI,IND,KALPESHKUMAR RAJNIKANT MODI,IND,0.9836,0.9818,1.0,P1,high-confidence fuzzy match,manual_review
34,2009,LATUR,AWCHARE VIJAYKUMAR BABRUWAN,IND,AAWCHARE VIJAYKUMAR BABRUWAN,IND,0.9836,0.9818,1.0,P1,high-confidence fuzzy match,manual_review
35,2009,NAGPUR,BARAPATRE CHANDRABHAN SOMAJI,IND,BARPATRE CHANDRABHAN SOMAJI,IND,0.9836,0.9818,1.0,P1,high-confidence fuzzy match,manual_review
36,2009,SANGLI,SIDDHESHWAR SHIVAPPA BHOSALE,IND,SIDDESHWAR SHIVAPPA BHOSALE,IND,0.9836,0.9818,1.0,P1,high-confidence fuzzy match,manual_review
37,2009,TUMKUR,SRI GOWRISHANKARA SWAMIGALU,SP,Sri. Gowri Shankara Swamigalu,SP,0.9836,0.9818,1.0,P1,high-confidence fuzzy match,manual_review
38,2009,AMRELI,RAMESHBHAI JASHABHAI PARMAR,IND,RAMESHBHAI JASABHAI PARMAR,IND,0.983,0.9811,1.0,P1,high-confidence fuzzy match,manual_review
39,2009,BULDHANA,DHOKNE RAVINDRA TULSHIRAMJI,BBM,DHOKNE RAVINDRA TULSHRAMJI,BBM,0.983,0.9811,1.0,P1,high-confidence fuzzy match,manual_review
40,2009,KANNUR,JOHNSON ALIAS SUNNY AMBATT,IND,Johnson Alias Sunny Ambattu,IND,0.983,0.9811,1.0,P1,high-confidence fuzzy match,manual_review
41,2009,MALKAJGIRI,KANTE KANAKAIAH GANGAPUTRA,IND,Kante Kanakaiah Ganagaputra,IND,0.983,0.9811,1.0,P1,high-confidence fuzzy match,manual_review
42,2004,ADILABAD,MADHUSUDHAN REDDY TAKKALA,TRS,MADHUSUDHAN REDDY THAKKALA,TRS,0.9824,0.9804,1.0,P1,high-confidence fuzzy match,manual_review
43,2009,DAVANAGERE,H K KENCHAVEERAPPA HEBBALU,IND,H K KENCHVEERAPPA HEBBALU,IND,0.9824,0.9804,1.0,P1,high-confidence fuzzy match,manual_review
44,2009,KALYAN,BHANUSHALI LAXMIDAS VELJI,IND,BHANUSHALI LAXMINDAS VELJI,IND,0.9824,0.9804,1.0,P1,high-confidence fuzzy match,manual_review
45,2009,MAHASAMUND,NARAYANDAS INQALAB GANDHI,IND,Narayan Das Inqalab Gandhi,IND,0.9824,0.9804,1.0,P1,high-confidence fuzzy match,manual_review
46,2009,NANDYAL,SINGAM VENKATESWARA REDDY,IND,SINGAM VENKATESHWARA REDDY,IND,0.9824,0.9804,1.0,P1,high-confidence fuzzy match,manual_review
47,2009,NORTH GOA,NARCINVA SURYA SALGAONKAR,IND,NARACINVA SURYA SALGAONKAR,IND,0.9824,0.9804,1.0,P1,high-confidence fuzzy match,manual_review
48,2009,SHIRDI,RUPWATE PREMANAND DAMODAR,IND,RUPWATE PREMANAND DAMODHAR,IND,0.9824,0.9804,1.0,P1,high-confidence fuzzy match,manual_review
49,2009,VALSAD,KISHANBHAI VESTABHAI PATEL,INC,KISANBHAI VESTABHAI PATEL,INC,0.9824,0.9804,1.0,P1,high-confidence fuzzy match,manual_review
50,2009,AMRELI,NILABEN VIRJIBHAI THUMMAR,INC,NILABEN VIRJIBHAI THUMAR,INC,0.9816,0.9796,1.0,P1,minor name spelling variation,manual_review
51,2009,HAVERI,FAKKIRESH SHAMBU BIJAPUR,IND,FAKKIRESH SHAMBHU BIJAPUR,IND,0.9816,0.9796,1.0,P1,minor name spelling variation,manual_review
52,2009,KHARGONE,MAKANSINGH SOLANKI (BABUJI),BJP,MAKNSINGH SOLANKI (BABUJI),BJP,0.9816,0.9796,1.0,P1,minor name spelling variation,manual_review
53,2009,PALGHAR,DR. KASHIRAM MAHADU DHONDAGA,IND,DR. KASHIRAM MAHADU DHONDAGHA,IND,0.9816,0.9796,1.0,P1,minor name spelling variation,manual_review
54,2009,BEED,MASKE MACHINDRA BABURAO,BSP,MASKE MACHHINDRA BABURAO,BSP,0.9809,0.9787,1.0,P1,minor name spelling variation,manual_review
55,2009,BULDHANA,RAJESH NILKANTHRAO TATHE,IND,RAJESH NIKANTHRAO TATHE,IND,0.9809,0.9787,1.0,P1,minor name spelling variation,manual_review
56,2009,DHAR,GAJENDRA SINGH RAJUKHEDI,INC,GAJENDRASINGH RAJUKHEDI,INC,0.9809,0.9787,1.0,P1,minor name spelling variation,manual_review
57,2009,KAISERGANJ,BRIJBHUSHAN SHARAN SINGH,SP,BRIJBHUSHAN SARAN SINGH,SP,0.9809,0.9787,1.0,P1,minor name spelling variation,manual_review
58,2009,MUMBAI NORTH CENTRAL,MOHAMAD YAHIYA SIDDIQUE,IND,MOHAMAD YAHIYA SIDDHIQUE,IND,0.9809,0.9787,1.0,P1,minor name spelling variation,manual_review
59,2009,MUMBAI NORTH EAST,DHARMPAL BHAGWAN MESHRAM,IND,DHARPAL BHAGWAN MESHRAM,IND,0.9809,0.9787,1.0,P1,minor name spelling variation,manual_review
60,2009,BEED,ADV.NATKAR RAMRAO SHESHERAO,IND,ADV.NATKAR RAMRAO SHESHRAO,IND,0.98,0.9778,1.0,P1,minor name spelling variation,manual_review
61,2009,BEED,SARDAR KHAN SULTANBABA,IND,SARDAR KHAN SULTANABABA,IND,0.98,0.9778,1.0,P1,minor name spelling variation,manual_review
62,2009,BILASPUR,DR.BALMUKUND SINGH MARAVI,GGP,Dr. Bal Mukund Singh Maravi,GGP,0.98,0.9778,1.0,P1,minor name spelling variation,manual_review
63,2009,BULDHANA,FERAN CHANDRAHAS JAGDEO,ABHM,FERAN CHADRAHAS JAGDEO,ABHM,0.98,0.9778,1.0,P1,minor name spelling variation,manual_review
64,2009,DINDORI,SHANKAR DEORAM GANGURDE,IND,SHANKAR DEORAM GANGUDE,IND,0.98,0.9778,1.0,P1,minor name spelling variation,manual_review
65,2009,GONDA,AKHILENDRA KUMAR PATHAK,IND,AKILENDRA KUMAR PATHAK,IND,0.98,0.9778,1.0,P1,minor name spelling variation,manual_review
66,2009,HOSHANGABAD,HAJEE SYID MUEEN UDDIN,SP,HAJAEE SYID MUEEN UDDIN,SP,0.98,0.9778,1.0,P1,minor name spelling variation,manual_review
67,2009,LATUR,AWALE JAYWANT GANGARAM,INC,AAWALE JAYWANT GANGARAM,INC,0.98,0.9778,1.0,P1,minor name spelling variation,manual_review
68,2009,MALKAJGIRI,LT.COL. (Retd.) DUSERLA PAPA RAIDU,IND,Lt.Col.(Retd) Duserla Paparaidu,IND,0.98,0.9778,1.0,P1,minor name spelling variation,manual_review
69,2009,MUMBAI NORTH CENTRAL,RAJKAMAL JAISINGH YADAV,IND,RAJKAMAL JAISINH YADAV,IND,0.98,0.9778,1.0,P1,minor name spelling variation,manual_review
70,2009,MUMBAI SOUTH,CHIRAG KANTILAL JETHVA,KKJHS,CHIRAG KANTILAL JETHAVA,KKJHS,0.98,0.9778,1.0,P1,minor name spelling variation,manual_review
71,2009,NANDURBAR,NATAWADKAR SUHAS JAYANT,BJP,NATAWADKAR SUHAS JYANT,BJP,0.98,0.9778,1.0,P1,minor name spelling variation,manual_review
72,2009,NASHIK,BHARAT HIRAMAN PARDESHI,IND,BHARAT HIRMAN PARDESHI,IND,0.98,0.9778,1.0,P1,minor name spelling variation,manual_review
73,2009,ANDAMAN & NICOBAR ISLANDS,SMTI. R. S. UMA BHARATTHY,NCP,Smti. R. S. Uma Bharathy,NCP,0.9791,0.9767,1.0,P2,minor name spelling variation,manual_review
74,2009,NALGONDA,K.V.SRINIVASA CHARYULU,IND,KV Srinivasa Charyulu,IND,0.9791,0.9767,1.0,P2,minor name spelling variation,manual_review
75,2009,PALGHAR,SHINGDA DAMODAR BARKU,INC,SHINGADA DAMODAR BARKU,INC,0.9791,0.9767,1.0,P2,minor name spelling variation,manual_review
76,2009,RAIPUR,MOH. JILANI ALIAS TANI,IND,Mohd. Jilani alias Tani,IND,0.9791,0.9767,1.0,P2,minor name spelling variation,manual_review
77,2009,SHIRDI,VAIRAGAR SUDHIR NATHA,IND,VAIRAGHAR SUDHIR NATHA,IND,0.9791,0.9767,1.0,P2,minor name spelling variation,manual_review
78,2009,BEED,SAYED MINHAJ ALI WAJED ALI (PENDKHAJUR WALE),IND,SAYYED MINHAJ ALI WAJED ALI (PENDKHJUR WALE),IND,0.9786,0.9762,1.0,P2,minor name spelling variation,manual_review
79,2009,ARRAH,BHARAT BHUSAN PANDEY,ABJS,Bharat Bhushan Pandey,ABJS,0.978,0.9756,1.0,P2,minor name spelling variation,manual_review
80,2009,ASANSOL,BANSA GOPAL CHOWDHURY,CPM,BANSAGOPAL CHOWDHURY,CPM,0.978,0.9756,1.0,P2,minor name spelling variation,manual_review
81,2009,KALYAN,SIDDIQUE ASFAQUE ALI,IND,SIDDIQUE ASHFAQUE ALI,IND,0.978,0.9756,1.0,P2,minor name spelling variation,manual_review
82,2009,KOLHAPUR,KAMBLE SUHAS NIVRUTTI,BSP,KAMBLE SUHAS NIVRUTI,BSP,0.978,0.9756,1.0,P2,minor name spelling variation,manual_review
83,2009,MALKAJGIRI,SARVEY SATHYANARAYANA,INC,SARVEY SATYANARAYANA,INC,0.978,0.9756,1.0,P2,minor name spelling variation,manual_review
84,2009,MUMBAI NORTH,SHYAM TIPANNA KURADE,IND,SHYAM TIPANNA KURHADE,IND,0.978,0.9756,1.0,P2,minor name spelling variation,manual_review
85,2009,SHAHDOL,RAMRATAN SINGH PAVLE,GGP,RAM RATAN SINGH PAVLE,GGP,0.978,0.9756,1.0,P2,minor name spelling variation,manual_review
86,2009,SHIRDI,SANDIP BHASKAR GHOLAP,IND,SANDIP BHASKAR GOLAP,IND,0.978,0.9756,1.0,P2,minor name spelling variation,manual_review
87,2009,SHIRDI,KAMBLE RAMESH ANKUSH,IND,KAMBALE RAMESH ANKUSH,IND,0.978,0.9756,1.0,P2,minor name spelling variation,manual_review
88,2009,THANE,CHAUGULE VIJAY LAXMAN,SHS,CHUGULE VIJAY LAXMAN,SHS,0.978,0.9756,1.0,P2,minor name spelling variation,manual_review
89,2009,VISAKHAPATNAM,YADDANAPUDI RANGARAO,IND,Yaddanapudi Ranga Rao,IND,0.978,0.9756,1.0,P2,minor name spelling variation,manual_review
90,2009,ANANTAPUR,J C RAMANJULA REDDY,IND,J C RAMANUJULA REDDY,IND,0.9769,0.9744,1.0,P2,minor name spelling variation,manual_review
91,2009,BALASORE,SHRADHANJALI PRADHAN,BSP,Sradhanjali Pradhan,BSP,0.9769,0.9744,1.0,P2,minor name spelling variation,manual_review
92,2009,BHIWANDI,ISMAIL SHAIKH LATIF,KKJHS,ISMAILE SHAIKH LATIF,KKJHS,0.9769,0.9744,1.0,P2,minor name spelling variation,manual_review
93,2009,CHANDAULI,JAWAHAR LAL JAISAWAL,BJP,JAWAHAR LAL JAISWAL,BJP,0.9769,0.9744,1.0,P2,minor name spelling variation,manual_review
94,2009,CHENNAI CENTRAL,MOHAMMED ALI ZINNA.A,IND,MOHAMED ALI ZINNA.A,IND,0.9769,0.9744,1.0,P2,minor name spelling variation,manual_review
95,2009,FATEHPUR SIKRI,BENI PRASHAD AGARWAL,IND,BENI PRASAD AGARWAL,IND,0.9769,0.9744,1.0,P2,minor name spelling variation,manual_review
96,2009,JAIPUR RURAL,VRADHICHAND KUMAWAT,IND,VRADHI CHAND KUMAWAT,IND,0.9769,0.9744,1.0,P2,minor name spelling variation,manual_review
97,2009,MAHASAMUND,"KHEDUBHARTI ""SATYESH""",IND,Khedhubharti (Satyesh),IND,0.9769,0.9744,1.0,P2,minor name spelling variation,manual_review
98,2009,NALGONDA,BOLUSANI KRISHNAIAH,IND,Bollusani Krishnaiah,IND,0.9769,0.9744,1.0,P2,minor name spelling variation,manual_review
99,2009,THANE,KHAN FIROZ YUSUFKHAN,IND,KHAN FIROZ YSUFKHAN,IND,0.9769,0.9744,1.0,P2,minor name spelling variation,manual_review
100,2009,ALAPPUZHA,SONY J. KALYANKUMAR,IND,Sony J Kalyanakumar,IND,0.9757,0.973,1.0,P2,minor name spelling variation,manual_review
101,2009,BALASORE,SRIKANT KUMAR JENA,INC,Srikanta Kumar Jena,INC,0.9757,0.973,1.0,P2,minor name spelling variation,manual_review
102,2009,BILASPUR,ADVOCATE T.R.NIRALA,BSP,AdvocateT R Nirala,BSP,0.9757,0.973,1.0,P2,minor name spelling variation,manual_review
103,2009,DHAR,KHUMAN SINGH BARIYA,IND,KHUMANSINGH BARIYA,IND,0.9757,0.973,1.0,P2,minor name spelling variation,manual_review
104,2009,DIAMOND HARBOUR,HARUNAL RASID KAJI,NCP,HARUNAL RASHID KAJI,NCP,0.9757,0.973,1.0,P2,minor name spelling variation,manual_review
105,2009,JALORE,BHANWAR LAL WAGELA,IND,BHANWAR LAL WAGHELA,IND,0.9757,0.973,1.0,P2,minor name spelling variation,manual_review
106,2009,KOLLAM,N.PEETHAMBARAKURUP,IND,N Peethambara Kurup,IND,0.9757,0.973,1.0,P2,minor name spelling variation,manual_review
107,2009,KOTA,RAM KRISHAN SHARMA,IND,RAM KIRISHAN SHARMA,IND,0.9757,0.973,1.0,P2,minor name spelling variation,manual_review
108,2009,MYSORE,ADAGUR H VISHWANATH,INC,ADAGUR H. VISWANATH,INC,0.9757,0.973,1.0,P2,minor name spelling variation,manual_review
109,2009,RAJNANDGAON,BHAG CHAND VAIDHYA,IND,Bhag Chanda Vaidhya,IND,0.9757,0.973,1.0,P2,minor name spelling variation,manual_review
110,2009,RATLAM,DILEEPSINGH BHURIA,BJP,DILEEP SINGH BHURIA,BJP,0.9757,0.973,1.0,P2,minor name spelling variation,manual_review
111,2004,SHAJAPUR,THAWARCHAND GEHLOT,BJP,THAWAR  CHAND GEHLOT,BJP,0.9757,0.973,1.0,P2,minor name spelling variation,manual_review
112,2004,ANDAMAN & NICOBAR ISLANDS,DR SHANMUGAM,LJP,DR SHANMUGAM,LJNSP,0.975,1.0,0.75,P2,party alias / shorthand variant,manual_review
113,2004,AMBALA,HEM RAJ,LJP,HEM RAJ,LJNSP,0.975,1.0,0.75,P2,party alias / shorthand variant,manual_review
114,2004,ANANTNAG,SANJAY SARAF,LJP,SANJAY SARAF,LJNSP,0.975,1.0,0.75,P2,party alias / shorthand variant,manual_review
115,2004,ARARIA,RAM SEWAK HAZARI,LJP,RAM SEWAK HAZARI,LJNSP,0.975,1.0,0.75,P2,party alias / shorthand variant,manual_review
116,2004,BAGAHA,HIRALAL RAM,LJP,HIRALAL RAM,LJNSP,0.975,1.0,0.75,P2,party alias / shorthand variant,manual_review
117,2004,BALIA,SURAJ SINGH,LJP,SURAJ SINGH,LJNSP,0.975,1.0,0.75,P2,party alias / shorthand variant,manual_review
118,2009,BARAMULLA,GH NABI PARRAY,RPI,GH NABI PARRAY,RPI(A),0.975,1.0,0.75,P2,party alias / shorthand variant,manual_review
119,2004,BARPETA,ABDUS SALAM,LJP,ABDUS  SALAM,LJNSP,0.975,1.0,0.75,P2,party alias / shorthand variant,manual_review
120,2009,BHANDARA - GONDIYA,UNDIRWADE HEMANT JAGIVAN,PRCP,UNDIRWADE HEMANT JAGIVAN,PRBP,0.975,1.0,0.75,P2,party alias / shorthand variant,manual_review
121,2004,BHIWANI,KAPTAN,LJP,KAPTAN,LJNSP,0.975,1.0,0.75,P2,party alias / shorthand variant,manual_review
122,2004,FARIDABAD,RAM NIWAS RATHI,LJP,RAM NIWAS RATHI,LJNSP,0.975,1.0,0.75,P2,party alias / shorthand variant,manual_review
123,2004,FARIDKOT,NIRMAL SINGH,LJP,NIRMAL SINGH,LJNSP,0.975,1.0,0.75,P2,party alias / shorthand variant,manual_review
124,2004,HAJIPUR,RAM VILAS PASWAN,LJP,RAM VILAS PASWAN,LJNSP,0.975,1.0,0.75,P2,party alias / shorthand variant,manual_review
125,2009,HINGOLI,UTTAMRAO DAGADUJI BHAGAT,PRCP,UTTAMRAO DAGADUJI BHAGAT,PRBP,0.975,1.0,0.75,P2,party alias / shorthand variant,manual_review
126,2004,JAMMU,SANJEEV KUMAR MANMOTRA,LJP,SANJEEV KUMAR MANMOTRA,LJNSP,0.975,1.0,0.75,P2,party alias / shorthand variant,manual_review
127,2004,JANJGIR,SHOBHA LAL PRAJAPTI,LJP,SHOBHA LAL PRAJAPTI,LJNSP,0.975,1.0,0.75,P2,party alias / shorthand variant,manual_review
128,2004,JAUNPUR,DHANANJAY SINGH,LJP,DHANANJAY SINGH,LJNSP,0.975,1.0,0.75,P2,party alias / shorthand variant,manual_review
129,2004,JHUNJHUNU,RANVEER SINGH GUDHA,LJP,RANVEER SINGH GUDHA,LJNSP,0.975,1.0,0.75,P2,party alias / shorthand variant,manual_review
130,2004,KALIABOR,ANIL CHOUDHURY,LJP,ANIL CHOUDHURY,LJNSP,0.975,1.0,0.75,P2,party alias / shorthand variant,manual_review
131,2004,KARNAL,SURINDER SINGH HOODA,LJP,SURINDER SINGH HOODA,LJNSP,0.975,1.0,0.75,P2,party alias / shorthand variant,manual_review
132,2004,LAKHIMPUR,SUNMONI DAS,LJP,SUNMONI DAS,LJNSP,0.975,1.0,0.75,P2,party alias / shorthand variant,manual_review
133,2009,NAGPUR,RAUT RAMESHCHANDRA,PRCP,RAUT RAMESHCHANDRA,PRBP,0.975,1.0,0.75,P2,party alias / shorthand variant,manual_review
134,2004,NALANDA,DR. KUMAR PUSHPANJAY,LJP,DR. KUMAR PUSHPANJAY,LJNSP,0.975,1.0,0.75,P2,party alias / shorthand variant,manual_review
135,2009,NANDED,KHADE SANJAY WAMANRAO,PRCP,KHADE SANJAY WAMANRAO,PRBP,0.975,1.0,0.75,P2,party alias / shorthand variant,manual_review
136,2009,PARBHANI,RUMALE TUKARAM DHONDIBA,PRCP,RUMALE TUKARAM DHONDIBA,PRBP,0.975,1.0,0.75,P2,party alias / shorthand variant,manual_review
137,2004,PURNEA,RAJESH RANJAN ALIAS PAPPU YADAV,LJP,RAJESH RANJAN ALIAS PAPPU YADAV,LJNSP,0.975,1.0,0.75,P2,party alias / shorthand variant,manual_review
138,2004,ROSERA,RAM CHANDRA PASWAN,LJP,RAM CHANDRA PASWAN,LJNSP,0.975,1.0,0.75,P2,party alias / shorthand variant,manual_review
139,2004,SAHARSA,RANJEET RANJAN,LJP,RANJEET RANJAN,LJNSP,0.975,1.0,0.75,P2,party alias / shorthand variant,manual_review
140,2009,SHIRDI,ATHAWALE RAMDAS BANDU,RPI(A),ATHAWALE RAMDAS BANDU,RPI,0.975,1.0,0.75,P2,party alias / shorthand variant,manual_review
141,2004,SONEPAT,SATYA PAL,LJP,SATYA PAL,LJNSP,0.975,1.0,0.75,P2,party alias / shorthand variant,manual_review
142,2009,AJMER,SHANTILAL DHABRIA,IND,SHANTILAL DHABARIA,IND,0.9743,0.9714,1.0,P2,minor name spelling variation,manual_review
143,2009,AMRAVATI,UGALE SUNIL NAMDEV,PRBP,UGLE SUNIL NAMDEV,PRBP,0.9743,0.9714,1.0,P2,minor name spelling variation,manual_review
144,2009,BALASORE,LAXIMIKANTA BEHERA,IND,Laxmikanta Behera,IND,0.9743,0.9714,1.0,P2,minor name spelling variation,manual_review
145,2009,BANGALORE CENTRAL,B.K NARAYANA SWAMY,IND,B.K.Narayanaswamy,IND,0.9743,0.9714,1.0,P2,minor name spelling variation,manual_review
146,2009,BETUL,SUNIL KUMAR KAWDE,IND,SUNIL KUMAR KAWADE,IND,0.9743,0.9714,1.0,P2,minor name spelling variation,manual_review
147,2009,BHAGALPUR,RAVISHANKAR SINGH,IND,RAVI SHANKAR SINGH,IND,0.9743,0.9714,1.0,P2,minor name spelling variation,manual_review
148,2009,BHONGIR,SIDDHARTHA PHOOLEY,BSP,Siddhartha Pooley,BSP,0.9743,0.9714,1.0,P2,minor name spelling variation,manual_review
149,2009,BIKANER,KHEM CHAND NIMBHAL,IND,KHEMCHAND NIMBHAL,IND,0.9743,0.9714,1.0,P2,minor name spelling variation,manual_review
150,2009,CHURU,SHAILENDRA AWASTHI,SP,SHALENDRA  AWASTHI,SP,0.9743,0.9714,1.0,P2,minor name spelling variation,manual_review
151,2009,DHAR,MUKAM SINGH KIRADE,BJP,MUKAMSINGH KIRADE,BJP,0.9743,0.9714,1.0,P2,minor name spelling variation,manual_review
152,2009,GAYA,RAMKISHORE PASWAN,IND,Ram Kishore Paswan,IND,0.9743,0.9714,1.0,P2,minor name spelling variation,manual_review
153,2009,GONDA,GANGA DHAR SHUKLA,IND,GAGNGA DHAR SHUKLA,IND,0.9743,0.9714,1.0,P2,minor name spelling variation,manual_review
154,2009,JAIPUR RURAL,RADHEYSHYAM MEENA,IND,RADHEY SHYAM MEENA,IND,0.9743,0.9714,1.0,P2,minor name spelling variation,manual_review
155,2009,JALPAIGURI,HARI BHAKTA SARDAR,IND,Haribhakta Sardar,IND,0.9743,0.9714,1.0,P2,minor name spelling variation,manual_review
156,2009,KORBA,VIJAY LAXMI SHARMA,BSP,Viay Laxmi Sharma,BSP,0.9743,0.9714,1.0,P2,minor name spelling variation,manual_review
157,2009,KORBA,CHAITI DEVI MAHANT,CSP,Chaitidevi Mahant,CSP,0.9743,0.9714,1.0,P2,minor name spelling variation,manual_review
158,2009,KOZHIKODE,P.A. MOHAMMED RIYAS,IND,P A Mohamed Riyas,IND,0.9743,0.9714,1.0,P2,minor name spelling variation,manual_review
159,2009,MYSORE,C.H.VIJAYASHANKAR,BJP,C.H.VIJAYA SHANKAR,BJP,0.9743,0.9714,1.0,P2,minor name spelling variation,manual_review
160,2009,NANDED,KHATGAONKAR PATIL BHASKARRAO BAPURAO,INC,KHATGAONK PATIL BHASKARRAO BAPURAO,INC,0.9743,0.9714,1.0,P2,minor name spelling variation,manual_review
161,2009,NAWADA,RAJBALLABH PRASAD,IND,Raj Ballabh Prasad,IND,0.9743,0.9714,1.0,P2,minor name spelling variation,manual_review
162,2009,RAJNANDGAON,MANGAL DAS BANGARE,IND,Mangaldas Bangare,IND,0.9743,0.9714,1.0,P2,minor name spelling variation,manual_review
163,2009,ASKA,KALICHARAN NAYAK,IND,Kali Charan Nayak,IND,0.9727,0.9697,1.0,P2,minor name spelling variation,manual_review
164,2009,BANGALORE SOUTH,SUGANDHARAJE URS,IND,SUGANDHA RAJE URS,IND,0.9727,0.9697,1.0,P2,minor name spelling variation,manual_review
165,2009,BILASPUR,ASHOK SHRIVASTAVA,IND,Ashok Shrivastav,IND,0.9727,0.9697,1.0,P2,minor name spelling variation,manual_review
166,2009,BIRBHUM,SHIB RATAN SHARMA,JMM,SHIBRATAN SHARMA,JMM,0.9727,0.9697,1.0,P2,minor name spelling variation,manual_review
167,2009,BUXAR,JAGADA NAND SINGH,RJD,Jagda Nand singh,RJD,0.9727,0.9697,1.0,P2,minor name spelling variation,manual_review
168,2009,DAUSA,RAM KISHORE MEENA,BJP,RAM KISHOR MEENA,BJP,0.9727,0.9697,1.0,P2,minor name spelling variation,manual_review
169,2009,DHAR,BAPUSINGH BAGHEL,RPI(A),BAPUSINGH BHAGHEL,RPI(A),0.9727,0.9697,1.0,P2,minor name spelling variation,manual_review
170,2009,GURGAON,KUSHESHWAR BHAGAT,IND,KUSHESWAR BHAGAT,IND,0.9727,0.9697,1.0,P2,minor name spelling variation,manual_review
171,2009,GWALIOR,RAM RATAN KUSWAH,IND,RAM RATAN KUSHWAH,IND,0.9727,0.9697,1.0,P2,minor name spelling variation,manual_review
172,2009,KAISERGANJ,RAJ KISHOR SINGH,IND,RAJ KISHORE SINGH,IND,0.9727,0.9697,1.0,P2,minor name spelling variation,manual_review
173,2009,KHARGONE,FIFA SINGH THAKUR,IND,FIFASINGH THAKUR,IND,0.9727,0.9697,1.0,P2,minor name spelling variation,manual_review
174,2009,KOLLAM,R.ZAKIEER HUSSAIN,IND,R Zakeer Hussain,IND,0.9727,0.9697,1.0,P2,minor name spelling variation,manual_review
175,2009,KORBA,CHARAN DAS MAHANT,INC,Charandas Mahant,INC,0.9727,0.9697,1.0,P2,minor name spelling variation,manual_review
176,2009,MACHILIPATNAM,BHOGADI RAMA DEVI,BJP,Bhogadi Ramadevi,BJP,0.9727,0.9697,1.0,P2,minor name spelling variation,manual_review
177,2009,MAHARAJGANJ,PRABHU NATH SINGH,JD(U),Prabhunath Singh,JD(U),0.9727,0.9697,1.0,P2,minor name spelling variation,manual_review
178,2009,MANDYA,KOWDLE CHANNAPPA,JD(U),Kowdley Channappa,JD(U),0.9727,0.9697,1.0,P2,minor name spelling variation,manual_review
179,2009,MUMBAI SOUTH CENTRAL,TRIYOGINATH DUBEY,IND,TRIYOGINATH DUBE,IND,0.9727,0.9697,1.0,P2,minor name spelling variation,manual_review
180,2009,NAWADA,NAVIN KUMAR VERMA,IND,NavinKumar Verma,IND,0.9727,0.9697,1.0,P2,minor name spelling variation,manual_review
181,2009,RAIGARH,HALDHAR RAM SIDAR,IND,Haldharram Sidar,IND,0.9727,0.9697,1.0,P2,minor name spelling variation,manual_review
182,2009,RAIPUR,NAND KISHOR DEEP,IND,Nanda Kishor Deep,IND,0.9727,0.9697,1.0,P2,minor name spelling variation,manual_review
183,2009,SHEOHAR,RAMA ASHISH MAHTO,IND,"RAM ASHISH, MAHTO",IND,0.9727,0.9697,1.0,P2,minor name spelling variation,manual_review
184,2009,UDAIPUR,SHAKUNTALA DHANKA,SP,SHAKUNTLA DHANKA,SP,0.9727,0.9697,1.0,P2,minor name spelling variation,manual_review
185,2009,UTTARA KANNADA,ANANTKUMAR HEGDE,BJP,Ananthkumar Hegde,BJP,0.9727,0.9697,1.0,P2,minor name spelling variation,manual_review
186,2009,BIJAPUR,ALMELKAR VILASABABU BASALINGAPPA,JD(S),Almellkar Vilasbabu Basalingappa,JD(S),0.9719,0.9688,1.0,P2,minor name spelling variation,manual_review
187,2009,HATKANANGLE,ARUN ALIAS SHAM BAJARANG BUCHADE,IND,ARUN ALIAS SHAM BAJARNAG BUCHADE,IND,0.9719,0.9688,1.0,P2,minor name spelling variation,manual_review
188,2009,ATTINGAL,BALACHNDRAN C P,IND,Balachandran C P,IND,0.971,0.9677,1.0,P2,minor name spelling variation,manual_review
189,2009,BANGALORE CENTRAL,VIJAY RAJA SINGH,BSP,Vijay Raj Singh,BSP,0.971,0.9677,1.0,P2,minor name spelling variation,manual_review
190,2009,BANGALORE RURAL,H.D.KUMARASWAMY,JD(S),H D KUMARA SWAMY,JD(S),0.971,0.9677,1.0,P2,minor name spelling variation,manual_review
191,2009,BANGALORE SOUTH,MURALIDHARA.D.J.,IND,MURALI DHARA.D.J,IND,0.971,0.9677,1.0,P2,minor name spelling variation,manual_review
192,2009,BHIWANI-MAHENDRAGARH,DR. PURAN MAL SHARMA,IND,DR PURANMAL SHARMA,IND,0.971,0.9677,1.0,P2,minor name spelling variation,manual_review
193,2009,BOLPUR,VIDYASAGAR METE,BSP,VIDYA SAGAR METE,BSP,0.971,0.9677,1.0,P2,minor name spelling variation,manual_review
194,2009,BUXAR,LAL MUNI CHOUBEY,BJP,Lalmuni choubey,BJP,0.971,0.9677,1.0,P2,minor name spelling variation,manual_review
195,2009,DARBHANGA,YUGESHWAR SAHANI,BSP,YUGESHWAR SAHNI,BSP,0.971,0.9677,1.0,P2,minor name spelling variation,manual_review
196,2009,ERNAKULAM,SHERIF MOHAMMED,BSP,Sherief Mohammed,BSP,0.971,0.9677,1.0,P2,minor name spelling variation,manual_review
197,2009,FARRUKHABAD,MITHLESH KUMARI,BJP,MITHALESH KUMARI,BJP,0.971,0.9677,1.0,P2,minor name spelling variation,manual_review
198,2009,GAYA,AMARNATH PRASAD,IND,Amar Nath Prasad,IND,0.971,0.9677,1.0,P2,minor name spelling variation,manual_review
199,2009,GOPALGANJ,DINANATH MANJHI,IND,DINA NATH MANJHI,IND,0.971,0.9677,1.0,P2,minor name spelling variation,manual_review
200,2009,GORAKHPUR,LALCHAND NISHAD,INC,LAL CHAND NISHAD,INC,0.971,0.9677,1.0,P2,minor name spelling variation,manual_review
201,2009,HASSAN,K. H. HANUME GOWDA,BJP,K. H. Hanumegowda,BJP,0.971,0.9677,1.0,P2,minor name spelling variation,manual_review
202,2009,JAIPUR RURAL,MATADEEN DHANKA,IND,MATADEEN DHANAKA,IND,0.971,0.9677,1.0,P2,minor name spelling variation,manual_review
203,2009,KANDHAMAL,RUDRAMADHAB RAY,BJD,Rudra Madhab Ray,BJD,0.971,0.9677,1.0,P2,minor name spelling variation,manual_review
204,2009,KANDHAMAL,GHORABAN BEHERA,IND,Ghorabana Behera,IND,0.971,0.9677,1.0,P2,minor name spelling variation,manual_review
205,2009,KOTTAYAM,SURESHKUMAR T.R,IND,Suresh Kumar  T R,IND,0.971,0.9677,1.0,P2,minor name spelling variation,manual_review
206,2009,KOZHIKODE,K. MUHAMMED RIYAS,IND,K Muhamed Riyas,IND,0.971,0.9677,1.0,P2,minor name spelling variation,manual_review
207,2009,MAHARAJGANJ,TARKESHWAR SINGH,INC,Tarkeswar Singh,INC,0.971,0.9677,1.0,P2,minor name spelling variation,manual_review
208,2009,MUMBAI SOUTH,SAYED ATHER ALI,SP,SAYYED ATHER ALI,SP,0.971,0.9677,1.0,P2,minor name spelling variation,manual_review
209,2009,NAGARKURNOOL,GUVVALA BALARAJU,TRS,Guvvala Balaraj,TRS,0.971,0.9677,1.0,P2,minor name spelling variation,manual_review
210,2009,NALGONDA,BOLLA KARUNAKAR,IND,Boalla Karunakar,IND,0.971,0.9677,1.0,P2,minor name spelling variation,manual_review
211,2009,PURVI CHAMPARAN,PARASNATHPANDEY,IND,PARASNATH PANDEY,IND,0.971,0.9677,1.0,P2,minor name spelling variation,manual_review
212,2009,RATLAM,BHERUSING DAMOR,JD(U),BHERUSINGH DAMOR,JD(U),0.971,0.9677,1.0,P2,minor name spelling variation,manual_review
213,2009,SILCHAR,CHANDAN RABIDAS,IND,Chandan Rabi Das,IND,0.971,0.9677,1.0,P2,minor name spelling variation,manual_review
214,2009,SIWAN,ASWANI KR. VERMA,IJP,Aswani K r. Verma,IJP,0.971,0.9677,1.0,P2,minor name spelling variation,manual_review
215,2009,SRINAGAR,MEHBOOBA SHADAB,IND,MEHBOOBA SHAHDAB,IND,0.971,0.9677,1.0,P2,minor name spelling variation,manual_review
216,2009,TRIPURA EAST,RAJESH DEBBARMA,IND,RAJESH DEB BARMA,IND,0.971,0.9677,1.0,P2,minor name spelling variation,manual_review
217,2009,BARDOLI,ARJUNBHAI BHALJIBHAI CHAUDHARI,IND,ARJUNBHAI BHALJIBHAI CHAUDHARY,IND,0.97,0.9667,1.0,P2,minor name spelling variation,manual_review
218,2009,KANKER,MAYARAM NETAM (FULSINGH SILADAR),IND,Mayaram Netam (Fulsingh Siledar),IND,0.97,0.9667,1.0,P2,minor name spelling variation,manual_review
219,2009,OSMANABAD,RAJENDRA PANDITRAO HIPPERGEKAR,KKJHS,RAJENDRA RANDITRAO HIPPERGEKAR,KKJHS,0.97,0.9667,1.0,P2,minor name spelling variation,manual_review
220,2009,RAJKOT,KUVARJIBHAI MOHANBHAI BAVALIA,INC,KUNVARJIBHAI MOHANBHAI BAVALIYA,INC,0.97,0.9667,1.0,P2,minor name spelling variation,manual_review
221,2009,WAYANAD,SHANAVAS MANAKULANGARA PARAMBIL,IND,Shanavas Manakulangara Paramb,IND,0.97,0.9667,1.0,P2,minor name spelling variation,manual_review
222,2009,AURANGABAD,ARCHNA CHANDRA,BSP,Archana Chandra,BSP,0.969,0.9655,1.0,P3,minor name spelling variation,manual_review
223,2009,BANGALORE RURAL,C. P. YOGEESHWARA,BJP,C P Yogeeshwra,BJP,0.969,0.9655,1.0,P3,minor name spelling variation,manual_review
224,2009,BANKA,GIRIDHARI YADAV,INC,GRIDHARI YADAV,INC,0.969,0.9655,1.0,P3,minor name spelling variation,manual_review
225,2009,BHILWARA,RATANLAL DHOBI,IND,RATAN LAL DHOBI,IND,0.969,0.9655,1.0,P3,minor name spelling variation,manual_review
226,2009,BHIWANI-MAHENDRAGARH,MANMOHAN SINGH,IND,MAN MOHAN SINGH,IND,0.969,0.9655,1.0,P3,minor name spelling variation,manual_review
227,2009,CHAMARAJANAGAR,PURUSHOTTHAMA.R,IND,PURUSHOTHAMA R,IND,0.969,0.9655,1.0,P3,minor name spelling variation,manual_review
228,2009,FATEHPUR SIKRI,SEEMA UPADHYAY,BSP,SEEMA UPADHAYAY,BSP,0.969,0.9655,1.0,P3,minor name spelling variation,manual_review
229,2009,HOWRAH,RAMAVTAR GUPTA,BSP,RAM AVTAR GUPTA,BSP,0.969,0.9655,1.0,P3,minor name spelling variation,manual_review
230,2009,JADAVPUR,SANDHYA MONDAL,BSP,SANDHAYA MONDAL,BSP,0.969,0.9655,1.0,P3,minor name spelling variation,manual_review
231,2009,JAHANABAD,SIYA RAM PRASAD,IND,SIYARAM PRASAD,IND,0.969,0.9655,1.0,P3,minor name spelling variation,manual_review
232,2009,JAIPUR RURAL,RAMNIWAS YADAV,JD(U),RAM NIWAS YADAV,JD(U),0.969,0.9655,1.0,P3,minor name spelling variation,manual_review
233,2009,KARAULI-DHOLPUR,SHREELAL KHARE,LJP,SHREE LAL KHARE,LJP,0.969,0.9655,1.0,P3,minor name spelling variation,manual_review
234,2009,KOPPAL,HANDI RAFIQ SAB,IND,Handi Rafiqsab,IND,0.969,0.9655,1.0,P3,minor name spelling variation,manual_review
235,2009,NALANDA,KAPIL DEO SINGH,IND,KAPILDEO SINGH,IND,0.969,0.9655,1.0,P3,minor name spelling variation,manual_review
236,2009,NAWADA,RAJ KISHORE RAJ,IND,RajKishore Raj,IND,0.969,0.9655,1.0,P3,minor name spelling variation,manual_review
237,2009,NORTH WEST DELHI,MEERA KANWARIA,BJP,MEERA KANWARIYA,BJP,0.969,0.9655,1.0,P3,minor name spelling variation,manual_review
238,2004,PANAJI,D'SOUZA WILFRED,NCP,DSOUZA WILFRED,NCP,0.969,0.9655,1.0,P3,minor name spelling variation,manual_review
239,2009,RAIPUR,VIDHYADEVI SAHU,BSP,Vidyadevi Sahu,BSP,0.969,0.9655,1.0,P3,minor name spelling variation,manual_review
240,2009,RAJNANDGAON,PRADHUMAN NETAM,BSP,Praduman Netam,BSP,0.969,0.9655,1.0,P3,minor name spelling variation,manual_review
241,2009,RAJNANDGAON,DERHARAM LODHI,IND,Derha Ram Lodhi,IND,0.969,0.9655,1.0,P3,minor name spelling variation,manual_review
242,2009,THIRUVANANTHAPURAM,P K KRISHNA DAS,BJP,P K Krishnadas,BJP,0.969,0.9655,1.0,P3,minor name spelling variation,manual_review
243,2009,LUDHIANA,RAVINDER KUMAR S/O MANNA LAL,IND,RAVINDER KUMAR S/O MUNNA LAL,IND,0.9679,0.9643,1.0,P3,minor name spelling variation,manual_review
244,2009,ADILABAD,BANKA SAHADEVU,IND,Banka Sahadev,IND,0.9667,0.963,1.0,P3,minor name spelling variation,manual_review
245,2009,ARRAH,RAMADHAR SINGH,SHS,RamadharSingh,SHS,0.9667,0.963,1.0,P3,minor name spelling variation,manual_review
246,2009,ASKA,DEBASIS MISRA,IND,Debasis Mishra,IND,0.9667,0.963,1.0,P3,minor name spelling variation,manual_review
247,2009,ATTINGAL,J VIJAYAKUMAR,IND,J Vijaya Kumar,IND,0.9667,0.963,1.0,P3,minor name spelling variation,manual_review
248,2009,AURANGABAD,RAJENDRA YADAV,IND,RajendraYadav,IND,0.9667,0.963,1.0,P3,minor name spelling variation,manual_review
249,2009,AZAMGARH,KHAIRUL BASHAR,IND,KHAIRUL BASAR,IND,0.9667,0.963,1.0,P3,minor name spelling variation,manual_review
250,2009,BANGALORE NORTH,ANCHANA KHANNA,IND,Anchan Khanna,IND,0.9667,0.963,1.0,P3,minor name spelling variation,manual_review
251,2009,BANGALORE SOUTH,SANTOSH MIN.B,IND,Santhosh Min.B,IND,0.9667,0.963,1.0,P3,minor name spelling variation,manual_review
252,2009,BIDAR,N.DHARAM SINGH,INC,N. Dharamsingh,INC,0.9667,0.963,1.0,P3,minor name spelling variation,manual_review
253,2009,CHITTORGARH,SITARAM GUJAR,IND,SITARAM  GUJHAR,IND,0.9667,0.963,1.0,P3,minor name spelling variation,manual_review
254,2009,FATEHPUR SIKRI,SATISH CHANDR,IND,SATISH CHANDRA,IND,0.9667,0.963,1.0,P3,minor name spelling variation,manual_review
255,2009,GORAKHPUR,HARISHCHANDRA,IND,HARISH CHANDRA,IND,0.9667,0.963,1.0,P3,minor name spelling variation,manual_review
256,2009,HAVERI,JAGADEESH YANKAPPA DODMANI,IND,JAGADEESH YANKAPPA DODDAMANI,IND,0.9667,0.963,1.0,P3,minor name spelling variation,manual_review
257,2009,KALYAN,MOHHAMAD YUSUF FAROOKH KHAN,IND,MOHAMMAD YUSUF FAROOKH KHAN,IND,0.9667,0.963,1.0,P3,minor name spelling variation,manual_review
258,2009,KANCHEEPURAM,MAGESHKUMAR.E,IND,MAGESH KUMAR.E,IND,0.9667,0.963,1.0,P3,minor name spelling variation,manual_review
259,2009,KANKER,JALSINGH SHORI,CSP,Jalsingh Sori,CSP,0.9667,0.963,1.0,P3,minor name spelling variation,manual_review
260,2009,KATIHAR,MANOJ PARASHAR,IND,MANOJ PARASAR,IND,0.9667,0.963,1.0,P3,minor name spelling variation,manual_review
261,2009,KOTTAYAM,SURESHKUMAR K,IND,Suresh Kumar K,IND,0.9667,0.963,1.0,P3,minor name spelling variation,manual_review
262,2009,MUMBAI NORTH,VASHRAMBHAI MOHANBHAI PATEL,IND,VASHRAMBHAI MAHANBHAI PATEL,IND,0.9667,0.963,1.0,P3,minor name spelling variation,manual_review
263,2009,NAWADA,CHANCHALA DEVI,IND,ChanchalaDevi,IND,0.9667,0.963,1.0,P3,minor name spelling variation,manual_review
264,2009,RAIGARH,VISHNU DEO SAI,BJP,Vishu Deo Sai,BJP,0.9667,0.963,1.0,P3,minor name spelling variation,manual_review
265,2009,SHIMOGA,D.S. ESHWARAPPA,IND,D S Eswarappa,IND,0.9667,0.963,1.0,P3,minor name spelling variation,manual_review
266,2009,SHIRDI,WAKCHAURE BHAUSAHEB RAJARAM,SHS,WAKCHOURE BHAUSAHEB RAJARAM,SHS,0.9667,0.963,1.0,P3,minor name spelling variation,manual_review
267,2009,TUMKUR,G.S. BASAVARAJ,BJP,G.S. BASAVARAJU,BJP,0.9667,0.963,1.0,P3,minor name spelling variation,manual_review
268,2009,AMRELI,VALJIBHAI LALUBHAI SHIROYA,IND,VALJIBHAI LALLUBHAI SIROYA,IND,0.9654,0.9615,1.0,P3,minor name spelling variation,manual_review
269,2009,BANGALORE CENTRAL,M.A. ASWATHANARAYANA SETTY,IND,M.A.Ashwatha Narayana Setty,IND,0.9654,0.9615,1.0,P3,minor name spelling variation,manual_review
270,2009,HAMIRPUR,"PREETAM SINGH LODHI ""KISAAN""",BJP,"PREETAM SINGH LODHI ""KISSAN""",BJP,0.9654,0.9615,1.0,P3,minor name spelling variation,manual_review
271,2009,RAJSAMAND,SURYA BHAVANI SINGH CHAWRA,IND,SURYA BHAVANI SINGH CHAWDA,IND,0.9654,0.9615,1.0,P3,minor name spelling variation,manual_review
272,2009,ALWAR,RAM LAL MEENA,IND,Ramlal meena,IND,0.964,0.96,1.0,P3,minor name spelling variation,manual_review
273,2009,AZAMGARH,DR. JAVED AKHTAR,IND,DR. JAVED AKHTHAR,IND,0.964,0.96,1.0,P3,minor name spelling variation,manual_review
274,2009,BANKURA,ASWINI DULEY,JKP(N),Ashwini Duley,JKP(N),0.964,0.96,1.0,P3,minor name spelling variation,manual_review
275,2009,BASTAR,SHANKAR SODI,INC,Shankar Sodhi,INC,0.964,0.96,1.0,P3,minor name spelling variation,manual_review
276,2009,CHENNAI CENTRAL,DHAMODARAN.T,IND,DHAMODHARAN.T,IND,0.964,0.96,1.0,P3,minor name spelling variation,manual_review
277,2009,CHITTORGARH,SANTOSH JOSHI,IND,SANTOSH JOSI,IND,0.964,0.96,1.0,P3,minor name spelling variation,manual_review
278,2009,FARIDABAD,HARSH BHATIA,IND,HARSH BHATIYA,IND,0.964,0.96,1.0,P3,minor name spelling variation,manual_review
279,2009,GOPALGANJ,PURNMASI RAM,JD(U),PURNAMASI RAM,JD(U),0.964,0.96,1.0,P3,minor name spelling variation,manual_review
280,2009,GUNA,P.MAHESH CHANDAR SHASHTRI,IND,P.MAHESH CHANDRA SHASHTRI,IND,0.964,0.96,1.0,P3,minor name spelling variation,manual_review
281,2009,GURGAON,AMAR MOHMMAD,IND,AMAR MOHAMMAD,IND,0.964,0.96,1.0,P3,minor name spelling variation,manual_review
282,2009,JAHANABAD,JAGDISH YADAV,IND,Jagdis Yadav,IND,0.964,0.96,1.0,P3,minor name spelling variation,manual_review
283,2009,KARUR,THAMBIDURAI.M,ADMK,TAMBIDURAI.M,ADMK,0.964,0.96,1.0,P3,minor name spelling variation,manual_review
284,2009,KISHANGANJ,TASLEEM UDDIN,RJD,TASLEEMUDDIN,RJD,0.964,0.96,1.0,P3,minor name spelling variation,manual_review
285,2009,LATUR,BABURAO SATYAWAN POTBHARE,BBM,BABURAO SATYAWAN POTHHARE,BBM,0.964,0.96,1.0,P3,minor name spelling variation,manual_review
286,2009,SHIMOGA,UMESHKUMAR S,IND,UMESH KUMAR.S,IND,0.964,0.96,1.0,P3,minor name spelling variation,manual_review
287,2004,SINGHBHUM,LAXMAN GILUA,BJP,LAXMAN GILUWA,BJP,0.964,0.96,1.0,P3,minor name spelling variation,manual_review
288,2009,SIWAN,BRISHIN PATEL,JD(U),BrishinPatel,JD(U),0.964,0.96,1.0,P3,minor name spelling variation,manual_review
289,2009,SUNDARGARH,LIVINUS KINDO,JMM,LIVNUS KINDO,JMM,0.964,0.96,1.0,P3,minor name spelling variation,manual_review
290,2009,UJIARPUR,VIJAYWANT KUMAR CHAUDHARY,BSP,VIJAYWANT KUMAR CHOUDHARY,BSP,0.964,0.96,1.0,P3,minor name spelling variation,manual_review
291,2009,VISAKHAPATNAM,D.V.SUBBARAO,BJP,D.V. SUBBA RAO,BJP,0.964,0.96,1.0,P3,minor name spelling variation,manual_review
292,2009,BEED,KHALGE KACHARU SANTARAMJI,BBM,KHALGE KACHRU SANTRAMJI,BBM,0.9625,0.9583,1.0,P3,minor name spelling variation,manual_review
293,2009,BEED,RAMESH VISHWANATH KOKATE,IND,RAMESH VISHVANATH KOKATE,IND,0.9625,0.9583,1.0,P3,minor name spelling variation,manual_review
294,2009,BOLANGIR,SANGEETA KUMARI SINGH DEO,BJP,SANGEETA KUMARI SINGDEO,BJP,0.9625,0.9583,1.0,P3,minor name spelling variation,manual_review
295,2009,SHIRDI,ADHAGALE RAJENDRA NAMDEO,IND,ADHAGALE RAJENDRA NAMDEV,IND,0.9625,0.9583,1.0,P3,minor name spelling variation,manual_review
296,2009,THANE,SAYED SHAFIQ AHMED ZAIDI,IND,SAYED SHAFIQ AHMED ZOIDI,IND,0.9625,0.9583,1.0,P3,minor name spelling variation,manual_review
297,2009,BAGALKOT,CHINCHOLI SANTOSHAKUMAR SAHEBAGOUDA,IND,CHINCHOLLI SANTOSHKUMAR SAHEBGOUDA,IND,0.9609,0.9565,1.0,P3,minor name spelling variation,manual_review
298,2009,BEGUSARAI,SHATRUGHNA PRASAD SINGH,CPI,SHATRUGHAN PRASAD SINGH,CPI,0.9609,0.9565,1.0,P3,minor name spelling variation,manual_review
299,2009,BOLANGIR,BALHAN SAGAR,BSP,BALHANSAGAR,BSP,0.9609,0.9565,1.0,P3,minor name spelling variation,manual_review
300,2009,BUXAR,LALLAN RUPNARAIN PATHAK,IND,Lalan Rup Narain Pathak,IND,0.9609,0.9565,1.0,P3,minor name spelling variation,manual_review
301,2009,DHENKANAL,CHANDRA SEKHAR TRIPATHI,INC,Chandra Sekhar Tripathy,INC,0.9609,0.9565,1.0,P3,minor name spelling variation,manual_review
302,2004,GOPALGANJ,CHHATHU SAH,BSP,CHHATHU SHAH,BSP,0.9609,0.9565,1.0,P3,minor name spelling variation,manual_review
303,2009,HAVERI,IGALA DILLEPPA KARIYAPPA,BSP,IGAL DILLPPA KARIYAPPA,BSP,0.9609,0.9565,1.0,P3,minor name spelling variation,manual_review
304,2009,JALORE,DEVJI PATEL,BJP,DEV JI PATEL,BJP,0.9609,0.9565,1.0,P3,minor name spelling variation,manual_review
305,2009,JAMSHEDPUR,SUMAN MAHATO,JMM,SUMAN MAHTO,JMM,0.9609,0.9565,1.0,P3,minor name spelling variation,manual_review
306,2009,KHUNTI,KARIA MUNDA,BJP,KARIYA MUNDA,BJP,0.9609,0.9565,1.0,P3,minor name spelling variation,manual_review
307,2009,KOPPAL,GOUSIABEGUM,IND,GOUSIA BEGUM,IND,0.9609,0.9565,1.0,P3,minor name spelling variation,manual_review
308,2009,MATHURA,SHYAMSUNDAR,IND,SHYAM SUNDAR,IND,0.9609,0.9565,1.0,P3,minor name spelling variation,manual_review
309,2009,MORADABAD,NATHU SINGH,IND,NATTHU SINGH,IND,0.9609,0.9565,1.0,P3,minor name spelling variation,manual_review
310,2009,NALANDA,SHASHI YADAV,CPI(ML)(L),SASHI YADAV,CPI(ML)(L),0.9609,0.9565,1.0,P3,minor name spelling variation,manual_review
311,2009,NEW DELHI,BHAGWAN DASS,IND,BHAGWAN DAS,IND,0.9609,0.9565,1.0,P3,minor name spelling variation,manual_review
312,2009,RAJKOT,BABULAL DEVJIBHAI GHAVA,LJP,BABULAL DEVJIBHAI DHAVA,LJP,0.9609,0.9565,1.0,P3,minor name spelling variation,manual_review
313,2009,RAMTEK,SURESH MANGALDAS BORKAR,IND,RURESH MANGALDAS BORKAR,IND,0.9609,0.9565,1.0,P3,minor name spelling variation,manual_review
314,2009,SIKAR,MAHESHKUMAR,IND,MAHESH KUMAR,IND,0.9609,0.9565,1.0,P3,minor name spelling variation,manual_review
315,2009,TRIPURA EAST,DIBA CHANDRA HRANGKHAWL,INC,DIBA CHANDRA HRANGKHWAL,INC,0.9609,0.9565,1.0,P3,minor name spelling variation,manual_review
316,2009,UJIARPUR,ARJUN SAHANI,IND,ARJUN SAHNI,IND,0.9609,0.9565,1.0,P3,minor name spelling variation,manual_review
317,2009,UJIARPUR,RATAN SAHANI,IND,RATAN SAHNI,IND,0.9609,0.9565,1.0,P3,minor name spelling variation,manual_review
318,2009,VELLORE,ABDUL RAHMAN,DMK,ABDULRAHMAN,DMK,0.9609,0.9565,1.0,P3,minor name spelling variation,manual_review
319,2009,VELLORE,DHANDAPANI T,IND,DANDAPANI T,IND,0.9609,0.9565,1.0,P3,minor name spelling variation,manual_review
320,2009,GURGAON,SATINDER SINGH THAKRAN,IND,SATENDER SINGH THAKRAN,IND,0.9591,0.9545,1.0,P4,minor name spelling variation,manual_review
321,2009,MADHUBANI,HUKMADEO NARAYAN YADAV,BJP,HUKM DEO NARAYAN YADAV,BJP,0.9591,0.9545,1.0,P4,minor name spelling variation,manual_review
322,2009,NALANDA,"CHANDRAMANI KUMAR ""MANI""",IND,CHANDERMANI KUMAR MANI,IND,0.9591,0.9545,1.0,P4,minor name spelling variation,manual_review
323,2009,SANGLI,MAHADEO ANNA WAGHAMARE,RSPS,MAHADEV ANNA WAGHAMARE,RSPS,0.9591,0.9545,1.0,P4,minor name spelling variation,manual_review
324,2009,NALANDA,KAUSHAL KUMAR KAUSHALENDRA SINHA,IND,KAUSHALE KUMAR @ KAUSHALENDRA SINGH,IND,0.9585,0.9538,1.0,P4,minor name spelling variation,manual_review
325,2009,AGRA,DR. CHANDRAPAL,IND,CHANDRA PAL,IND,0.9571,0.9524,1.0,P4,minor name spelling variation,manual_review
326,2009,ARANI,HARIRAJ T.V,SP,ARIRAJ T.V,SP,0.9571,0.9524,1.0,P4,minor name spelling variation,manual_review
327,2009,ARANI,DURAIRAJ M,IND,DURAI RAJ M,IND,0.9571,0.9524,1.0,P4,minor name spelling variation,manual_review
328,2009,BANGALORE NORTH,KANYA KUMAR,IND,Kanyakumar,IND,0.9571,0.9524,1.0,P4,minor name spelling variation,manual_review
329,2009,BANGALORE RURAL,Y.CHINNAPPA,IND,Y.Chinnapa,IND,0.9571,0.9524,1.0,P4,minor name spelling variation,manual_review
330,2009,BUXAR,SURENDRA KUMAR BHARTI,IND,Surendar Kumar Bharti,IND,0.9571,0.9524,1.0,P4,minor name spelling variation,manual_review
331,2009,CHAMARAJANAGAR,CHOWDAHALLY JAVARAIAH,CPI(ML)(L),CHOWDAHALLI JAVARAIAH,CPI(ML)(L),0.9571,0.9524,1.0,P4,minor name spelling variation,manual_review
332,2009,CHITRADURGA,M KUMBAIAH,IND,M KUMBHAIAH,IND,0.9571,0.9524,1.0,P4,minor name spelling variation,manual_review
333,2009,DHAR,JITENDRA SINGH BAGHEL,GGP,JITENDRASINGH BHAGHEL,GGP,0.9571,0.9524,1.0,P4,minor name spelling variation,manual_review
334,2009,DHAR,KARAN SINGH,IND,KARANSINGH,IND,0.9571,0.9524,1.0,P4,minor name spelling variation,manual_review
335,2009,GOPALGANJ,SHAMBHU DOM,IND,SAMBHU DOM,IND,0.9571,0.9524,1.0,P4,minor name spelling variation,manual_review
336,2009,GORAKHPUR,ADITYANATH,BJP,ADITYA NATH,BJP,0.9571,0.9524,1.0,P4,minor name spelling variation,manual_review
337,2009,GORAKHPUR,RAJBAHADUR,IJP,RAJ BAHADUR,IJP,0.9571,0.9524,1.0,P4,minor name spelling variation,manual_review
338,2009,KOTTAYAM,JOSE MATHEW,IND,Jose Matew,IND,0.9571,0.9524,1.0,P4,minor name spelling variation,manual_review
339,2009,MAHARAJGANJ,GANESH SHANKER PANDEY,BSP,GANESH SHANKAR PANDEY,BSP,0.9571,0.9524,1.0,P4,minor name spelling variation,manual_review
340,2009,MAYILADUTHURAI,MANIYAN O.S.,ADMK,MANIAN O.S,ADMK,0.9571,0.9524,1.0,P4,minor name spelling variation,manual_review
341,2009,MEERUT,DR. SURENDER KUMAR KHATRI,IND,DR. SURENDAR KUMAR KHATRI,IND,0.9571,0.9524,1.0,P4,minor name spelling variation,manual_review
342,2009,MEERUT,KRISHNAPAL,IND,KRISHNA PAL,IND,0.9571,0.9524,1.0,P4,minor name spelling variation,manual_review
343,2009,MUMBAI SOUTH,KHIMJI CHIMAN MAKWANA,IND,KHIMJI CHIMAN MAKVANA,IND,0.9571,0.9524,1.0,P4,minor name spelling variation,manual_review
344,2009,NAGARKURNOOL,DR. T. RATNAKARA,BJP,T. Ratnakar,BJP,0.9571,0.9524,1.0,P4,minor name spelling variation,manual_review
345,2009,NAWADA,BHOLA SINGH,BJP,BholaSingh,BJP,0.9571,0.9524,1.0,P4,minor name spelling variation,manual_review
346,2009,NAWADA,MASIH UDDIN,BSP,Masih Udin,BSP,0.9571,0.9524,1.0,P4,minor name spelling variation,manual_review
347,2009,RAJNANDGAON,DILIP RATHOR SAMPADAK,IND,Dilip Rathod Sampadak,IND,0.9571,0.9524,1.0,P4,minor name spelling variation,manual_review
348,2009,SANGLI,ANSARI SHABBIR AHEMAD,IND,ANSARI SHABBIR AHEMED,IND,0.9571,0.9524,1.0,P4,minor name spelling variation,manual_review
349,2009,SANGRUR,MOHMAD. JAMIL-UR-REHMAN,BSP,MOHD.JAMIL UR REHMAN,BSP,0.9571,0.9524,1.0,P4,minor name spelling variation,manual_review
350,2004,SASARAM,MIRA KUMAR,INC,MEIRA KUMAR,INC,0.9571,0.9524,1.0,P4,minor name spelling variation,manual_review
351,2009,SECUNDERABAD,AMBATI KRISHNA MURTHY,IND,Ambati Krishna Murthi,IND,0.9571,0.9524,1.0,P4,minor name spelling variation,manual_review
352,2009,SIKAR,D. P. KUMAWAT,RJVP,DP KUMAWAT,RJVP,0.9571,0.9524,1.0,P4,minor name spelling variation,manual_review
353,2009,SIWAN,HENA SHAHAB,RJD,HenaShahab,RJD,0.9571,0.9524,1.0,P4,minor name spelling variation,manual_review
354,2009,SRINAGAR,AVTAR KRISHEN PANDITA,BJP,AVTAR KRISHAN PANDITA,BJP,0.9571,0.9524,1.0,P4,minor name spelling variation,manual_review
355,2009,THANE,KAMBLE SACHIN SHRIPAT,IND,KAMBLE SACHIN SHIRPAT,IND,0.9571,0.9524,1.0,P4,minor name spelling variation,manual_review
356,2009,TIRUPATI,KATTAMANCHI PRABAKHAR,IND,Kattamanchi Prabhakar,IND,0.9571,0.9524,1.0,P4,minor name spelling variation,manual_review
357,2009,BILASPUR,ABDUL HAMID SIDDIQUE,IND,Abdul Hamid Siddiqui,IND,0.955,0.95,1.0,P4,minor name spelling variation,manual_review
358,2009,JAHANABAD,PRABHAT KUMAR RANJAN,IND,Parbhat Kumar Ranjan,IND,0.955,0.95,1.0,P4,minor name spelling variation,manual_review
359,2009,KARAKAT,UPENDRA KUMAR SHARMA,BSP,Upendar Kumar Sharma,BSP,0.955,0.95,1.0,P4,minor name spelling variation,manual_review
360,2009,KHAMMAM,MALLAVARAPU JEREMIAH,IND,Mallavarapu Jeremaih,IND,0.955,0.95,1.0,P4,minor name spelling variation,manual_review
361,2009,KOLHAPUR,KAMBLE MARUTI RAVALU,BBM,KAMBLE MARUTI RAVELU,BBM,0.955,0.95,1.0,P4,minor name spelling variation,manual_review
362,2009,LATUR,SASANE ATUL GANGARAM,ARP,SUSANE ATUL GANGARAM,ARP,0.955,0.95,1.0,P4,minor name spelling variation,manual_review
363,2009,MAHARAJGANJ,RAVINDRA NATH MISHRA,BSP,Rabindra Nath Mishra,BSP,0.955,0.95,1.0,P4,minor name spelling variation,manual_review
364,2009,MURSHIDABAD,CHITTA RANJAN MONDAL,BSP,CHITTA RANJAN MANDAL,BSP,0.955,0.95,1.0,P4,minor name spelling variation,manual_review
365,2009,SHIRDI,LONDHE SHARAD LAXMAN,IND,LODHE SHARAD LAXAMAN,IND,0.955,0.95,1.0,P4,minor name spelling variation,manual_review
366,2009,SILCHAR,NAGENDRA CHANDRA DAS,IND,Nogendra Chandra Das,IND,0.955,0.95,1.0,P4,minor name spelling variation,manual_review
367,2009,ARRAH,ARUN SINGH,CPI(ML)(L),ArunSingh,CPI(ML)(L),0.9526,0.9474,1.0,P4,name spelling variation,manual_review
368,2009,ASANSOL,SURYYA RAY,BJP,SURYA RAY,BJP,0.9526,0.9474,1.0,P4,name spelling variation,manual_review
369,2009,BHARATPUR,KHEMCHAND,BJP,KHEM CHAND,BJP,0.9526,0.9474,1.0,P4,name spelling variation,manual_review
370,2004,BHIND,LT. COLONEL (RETD.) SHIVNATH SINGH,IND,LT. COLONEL ( RETIRED) SHIVNATH SINGH,IND,0.9526,0.9474,1.0,P4,name spelling variation,manual_review
371,2009,BHUBANESWAR,SASTHI PRASAD SETHI,IND,Sasthi Prasad Sethy,IND,0.9526,0.9474,1.0,P4,name spelling variation,manual_review
372,2009,FARRUKHABAD,RISHIDUTT,ABHM,RISHI DUTT,ABHM,0.9526,0.9474,1.0,P4,name spelling variation,manual_review
373,2009,FARRUKHABAD,RAMSHARAN,BNRP,RAM SHARAN,BNRP,0.9526,0.9474,1.0,P4,name spelling variation,manual_review
374,2009,HYDERABAD,M.A. HABEEB,IND,Ma Habeeb,IND,0.9526,0.9474,1.0,P4,name spelling variation,manual_review
375,2009,JAHANABAD,ARVIND PRASAD SINGH,IND,Arbind prasad singh,IND,0.9526,0.9474,1.0,P4,name spelling variation,manual_review
376,2009,JALORE,POKARA RAM,IND,POKRA RAM,IND,0.9526,0.9474,1.0,P4,name spelling variation,manual_review
377,2009,JODHPUR,CHAMPALAL,IND,CHAMPA LAL,IND,0.9526,0.9474,1.0,P4,name spelling variation,manual_review
378,2009,KOTA,SHYAM SUNDER SHARMA,IND,SHYAM SUNDAR SHARMA,IND,0.9526,0.9474,1.0,P4,name spelling variation,manual_review
379,2009,MUMBAI NORTH EAST,TATYASAHEB REVDEKAR,IND,TATVASAHEB REVDEKAR,IND,0.9526,0.9474,1.0,P4,name spelling variation,manual_review
380,2009,NAWADA,ANIL MEHTA,IND,AnilMehta,IND,0.9526,0.9474,1.0,P4,name spelling variation,manual_review
381,2009,PALI,PUSP JAIN,BJP,PUSHP JAIN,BJP,0.9526,0.9474,1.0,P4,name spelling variation,manual_review
382,2009,PATHANAMTHITTA,B.RADHAKRISHNA MENON,BJP,Radhakrishna Menon,BJP,0.9526,0.9474,1.0,P4,name spelling variation,manual_review
383,2009,RANCHI,RAM TAHAL CHOUDHARY,BJP,RAM TAHAL CHAUDHARY,BJP,0.9526,0.9474,1.0,P4,name spelling variation,manual_review
384,2009,SHIRDI,SABLE ANIL DAMODAR,IND,SABALE ANIL DAMODHAR,IND,0.9526,0.9474,1.0,P4,name spelling variation,manual_review
385,2009,HAVERI,SHIVKUMARGOUD SHIDLINGANGOUDA PATIL,JD(S),SHIVAKUMARGOUDA SHIDDALINGANGOUDA PATIL,JD(S),0.9514,0.9459,1.0,P4,name spelling variation,manual_review
386,2009,BEED,SAYYAD SALIM FATTU,IND,SAYYED SALIM FATTU,IND,0.95,0.9444,1.0,P4,name spelling variation,manual_review
387,2009,HAZARIBAGH,MD. MOINUDDIN AHMAD,IND,MD. MOINUDDIN AHMED,IND,0.95,0.9444,1.0,P4,name spelling variation,manual_review
388,2009,JALORE,CHAGANLAL MEGHWAL,IND,CHHAGAN LAL MEGHWAL,IND,0.95,0.9444,1.0,P4,name spelling variation,manual_review
389,2009,KANDHAMAL,KAMALAKANT PANDEY,IND,Kamala Kanta Pandey,IND,0.95,0.9444,1.0,P4,name spelling variation,manual_review
390,2009,KASARAGOD,ABBAS MOTHALAPPARA,IND,Abbas Muthalappara,IND,0.95,0.9444,1.0,P4,name spelling variation,manual_review
391,2009,KRISHNANAGAR,DEBABRATA MAJUMDAR,BSP,DEBABRATA MAJUMDER,BSP,0.95,0.9444,1.0,P4,name spelling variation,manual_review
392,2009,RAIGARH,HRIDAYARAM RATHIYA,INC,Hirdayaram Rathiya,INC,0.95,0.9444,1.0,P4,name spelling variation,manual_review
393,2009,SECUNDERABAD,ANJAN KUMAR YADAV M,INC,ANJAN KUMAR YADAV,INC,0.95,0.9444,1.0,P4,name spelling variation,manual_review
394,2009,SIWAN,VIJAY SHANKER DUBEY,INC,VijayShankerDubey,INC,0.95,0.9444,1.0,P4,name spelling variation,manual_review
395,2009,THANE,AHMAD AFJAL SHEIKH,IND,AHMAD AFJAL SHAIKH,IND,0.95,0.9444,1.0,P4,name spelling variation,manual_review
396,2004,AKBARPUR,MAYA WATI,BSP,MAYAWATI,BSP,0.9471,0.9412,1.0,P4,name spelling variation,manual_review
397,2009,BALLIA,RAMSAKAL,SBSP,RAM SAKAL,SBSP,0.9471,0.9412,1.0,P4,name spelling variation,manual_review
398,2009,BARMER,POPATRAM,IND,Popat Ram,IND,0.9471,0.9412,1.0,P4,name spelling variation,manual_review
399,2009,BHADRAK,RATHA DAS,BJP,Rath Das,BJP,0.9471,0.9412,1.0,P4,name spelling variation,manual_review
400,2009,BHIWANI-MAHENDRAGARH,RAJ KUMAR,IND,RAJKUMAR,IND,0.9471,0.9412,1.0,P4,name spelling variation,manual_review
401,2009,BUXAR,KAMLA KANT TIWARY,INC,Kamla Kant Tiwari,INC,0.9471,0.9412,1.0,P4,name spelling variation,manual_review
402,2009,DAUSA,SHIVA RAM,RJVP,SHIVARAM,RJVP,0.9471,0.9412,1.0,P4,name spelling variation,manual_review
403,2009,FARIDABAD,SAMSUDDIN,IND,SAMSUDIN,IND,0.9471,0.9412,1.0,P4,name spelling variation,manual_review
404,2009,GAYA,KRISHNA CHOUDHARY,IND,Krishna Chaudhary,IND,0.9471,0.9412,1.0,P4,name spelling variation,manual_review
405,2009,GOPALGANJ,RAMAI RAM,INC,Rami Ram,INC,0.9471,0.9412,1.0,P4,name spelling variation,manual_review
406,2009,JAIPUR,RAJ KUMAR,IND,RAJKUMAR,IND,0.9471,0.9412,1.0,P4,name spelling variation,manual_review
407,2009,JALORE,BAGDARAM,IND,BAGDA RAM,IND,0.9471,0.9412,1.0,P4,name spelling variation,manual_review
408,2009,JAMUI,BILAKSHAN RABIDAS,IND,BILAKSHAN RAVIDAS,IND,0.9471,0.9412,1.0,P4,name spelling variation,manual_review
409,2009,KANNIYAKUMARI,BALASUBRAMONIAN T,ABHM,BALASUBRAMANIAN T,ABHM,0.9471,0.9412,1.0,P4,name spelling variation,manual_review
410,2009,KENDRAPARA,RAMA KRISHNA DASH,CPI(ML)(L),Rama krushna Dash,CPI(ML)(L),0.9471,0.9412,1.0,P4,name spelling variation,manual_review
411,2009,KRISHNANAGAR,SK. DOULAT HOSSAIN,NCP,SK. DAULAT HOSSAIN,NCP,0.9471,0.9412,1.0,P4,name spelling variation,manual_review
412,2009,MAHASAMUND,KIRAN KUMAR DHRUW,JMM,Kiran Kumar Dhruv,JMM,0.9471,0.9412,1.0,P4,name spelling variation,manual_review
413,2009,MUZAFFARNAGAR,SATYAVEER,IND,SATYVEER,IND,0.9471,0.9412,1.0,P4,name spelling variation,manual_review
414,2009,RAJSAMAND,NEERU RAM,BSP,neeruram,BSP,0.9471,0.9412,1.0,P4,name spelling variation,manual_review
415,2009,SIKAR,AMARARAM,CPM,AMARA RAM,CPM,0.9471,0.9412,1.0,P4,name spelling variation,manual_review
416,2009,DHULE,KAVAYATRI-SONKANYA SAU. THAKUR RAJANI BHAGWAN,BBM,KAVAYATRI-SONKANYA THAKUR RAJANI BAGWAN,BBM,0.9458,0.9398,1.0,P4,name spelling variation,manual_review
417,2009,NAVSARI,SHAILESHBHAI BISHESWAR SHRIVASTAV,BSP,SHAILESHBHAI BISWESHWAR SRIVASTAV,BSP,0.9455,0.9394,1.0,P4,name spelling variation,manual_review
418,2009,ANAND,LEELABEN RAVJIBHAI PARMAR,IND,LILABEN RAVJIBHAI PARMAR,IND,0.9449,0.9388,1.0,P4,name spelling variation,manual_review
419,2009,BASTAR,AYTU RAM MANDAVI,BSP,Ayaturam Mandavi,BSP,0.9437,0.9375,1.0,P4,name spelling variation,manual_review
420,2009,KODARMA,LAXAMAN SAWARNKAR,BJP,Laxman Swarnkar,BJP,0.9437,0.9375,1.0,P4,name spelling variation,manual_review
421,2009,LOHARDAGA,SUDARSHAN BHAGAT,BJP,Sudershan Bhagat,BJP,0.9437,0.9375,1.0,P4,name spelling variation,manual_review
422,2004,PATNA,VIDYA NAND VAKAL,CPI(ML)(L),VIDYA NAND VIKAL,CPI(ML)(L),0.9437,0.9375,1.0,P4,name spelling variation,manual_review
423,2009,SHEOHAR,MD. TANVEER ZAFAR,CPI,MD. TANVEER ZAFER,CPI,0.9437,0.9375,1.0,P4,name spelling variation,manual_review
424,2009,SANGRUR,BALWANT SINGH RAMUWALIA,LBP,BALWANT SINGH RAMOOWALIA,LBP,0.9426,0.9362,1.0,P4,name spelling variation,manual_review
425,2009,AHMEDNAGAR,RAJEEV APPASAHEB RAJALE,IND,RAJIV APPASAHEB RAJALE,IND,0.94,0.9333,1.0,P4,name spelling variation,manual_review
426,2009,AMRITSAR,OM PARKASH SONI,INC,OM PRAKASH SONI,INC,0.94,0.9333,1.0,P4,name spelling variation,manual_review
427,2009,BEED,KHAN SIKANDAR KHAN HUSEN KHAN,IND,KHAN SIKANDAR KHAN HUSSAIN KHAN,IND,0.94,0.9333,1.0,P4,name spelling variation,manual_review
428,2009,BHIWANDI,MAHENDRA KERU WADHWINDE,IND,MAHENDRA KERU WADVINDE,IND,0.94,0.9333,1.0,P4,name spelling variation,manual_review
429,2009,BUXAR,JAI SINGH YADAV,IND,Jay singh yadav,IND,0.94,0.9333,1.0,P4,name spelling variation,manual_review
430,2009,BUXAR,RAJENDRA PASWAN,IND,Rajendar Paswan,IND,0.94,0.9333,1.0,P4,name spelling variation,manual_review
431,2009,CHENNAI CENTRAL,PRABHU.V,IND,PRABU.V,IND,0.94,0.9333,1.0,P4,name spelling variation,manual_review
432,2009,GOPALGANJ,DHARMENDRA KUMAR HAZRA,IND,DHARMENDRA KUMAR HAJARA,IND,0.94,0.9333,1.0,P4,name spelling variation,manual_review
433,2009,GORAKHPUR,NIRANJAN PRASAD,IND,NIRANRAN PRASAD,IND,0.94,0.9333,1.0,P4,name spelling variation,manual_review
434,2009,GORAKHPUR,RAJMANI,BEP,RAJ MANI,BEP,0.94,0.9333,1.0,P4,name spelling variation,manual_review
435,2009,HAJIPUR,DASAI CHOUDHARY,INC,DASAI CHOWDHARY,INC,0.94,0.9333,1.0,P4,name spelling variation,manual_review
436,2009,JAIPUR,SITA RAM BAIRWA,IND,SITA RMA BAIRWA,IND,0.94,0.9333,1.0,P4,name spelling variation,manual_review
437,2009,JODHPUR,RAJU RAM,BSP,RAJURAM,BSP,0.94,0.9333,1.0,P4,name spelling variation,manual_review
438,2009,KARAULI-DHOLPUR,GANGARAM,IND,GANARAM,IND,0.94,0.9333,1.0,P4,name spelling variation,manual_review
439,2009,KARAULI-DHOLPUR,BANWARI,IND,BHANWARI,IND,0.94,0.9333,1.0,P4,name spelling variation,manual_review
440,2009,KURUKSHETRA,YASH PAL,IND,YASHPAL,IND,0.94,0.9333,1.0,P4,name spelling variation,manual_review
441,2009,NAGAUR,BINDU CHAUDHARY,BJP,BINDU CHOUDHARY,BJP,0.94,0.9333,1.0,P4,name spelling variation,manual_review
442,2009,SECUNDERABAD,P. DAMODER REDDY,PPOI,P.Damodar Reddy,PPOI,0.94,0.9333,1.0,P4,name spelling variation,manual_review
443,2009,SIKAR,MAHABEER PARSAD,IND,MAHABEER PRASAD,IND,0.94,0.9333,1.0,P4,name spelling variation,manual_review
444,2009,SIWAN,OM PRAKASH YADAV,IND,OmPrakashYadav,IND,0.94,0.9333,1.0,P4,name spelling variation,manual_review
