review_id,PARL_ROW_ID,MYNETA_ROW_ID,YEAR,PC,parliament_name,parliament_party,myneta_name,myneta_party,match_score,name_score,party_score,review_priority,decision,evidence_reference,reviewer,reviewed_at_utc,notes
1,7,851,2004,ANDAMAN & NICOBAR ISLANDS,DR SHANMUGAM,LJP,DR SHANMUGAM,LJNSP,0.9750000000000001,1.0,0.75,P2,,,,,
2,23,1599,2004,ADILABAD,MADHUSUDHAN REDDY TAKKALA,TRS,MADHUSUDHAN REDDY THAKKALA,TRS,0.9823529411764705,0.9803921568627451,1.0,P1,,,,,
3,154,1699,2004,AKBARPUR,MAYA WATI,BSP,MAYAWATI,BSP,0.9470588235294117,0.9411764705882353,1.0,P4,,,,,
4,400,1149,2004,AMBALA,HEM RAJ,LJP,HEM RAJ,LJNSP,0.9750000000000001,1.0,0.75,P2,,,,,
5,651,2619,2004,ANANTNAG,SANJAY SARAF,LJP,SANJAY SARAF,LJNSP,0.9750000000000001,1.0,0.75,P2,,,,,
6,759,2372,2004,ARARIA,RAM SEWAK HAZARI,LJP,RAM SEWAK HAZARI,LJNSP,0.9750000000000001,1.0,0.75,P2,,,,,
7,1027,1156,2004,BAGAHA,HIRALAL RAM,LJP,HIRALAL RAM,LJNSP,0.9750000000000001,1.0,0.75,P2,,,,,
8,1155,2959,2004,BALIA,SURAJ SINGH,LJP,SURAJ SINGH,LJNSP,0.9750000000000001,1.0,0.75,P2,,,,,
9,1660,37,2004,BARPETA,ABDUS SALAM,LJP,ABDUS  SALAM,LJNSP,0.9750000000000001,1.0,0.75,P2,,,,,
10,2118,1563,2004,BHIND,LT. COLONEL (RETD.) SHIVNATH SINGH,IND,LT. COLONEL ( RETIRED) SHIVNATH SINGH,IND,0.9526315789473684,0.9473684210526315,1.0,P3,,,,,
11,2170,1382,2004,BHIWANI,KAPTAN,LJP,KAPTAN,LJNSP,0.9750000000000001,1.0,0.75,P2,,,,,
12,4206,2362,2004,FARIDABAD,RAM NIWAS RATHI,LJP,RAM NIWAS RATHI,LJNSP,0.9750000000000001,1.0,0.75,P2,,,,,
13,4237,1945,2004,FARIDKOT,NIRMAL SINGH,LJP,NIRMAL SINGH,LJNSP,0.9750000000000001,1.0,0.75,P2,,,,,
14,4800,673,2004,GOPALGANJ,CHHATHU SAH,BSP,CHHATHU SHAH,BSP,0.9608695652173913,0.9565217391304348,1.0,P3,,,,,
15,5002,2384,2004,HAJIPUR,RAM VILAS PASWAN,LJP,RAM VILAS PASWAN,LJNSP,0.9750000000000001,1.0,0.75,P2,,,,,
16,5848,2623,2004,JAMMU,SANJEEV KUMAR MANMOTRA,LJP,SANJEEV KUMAR MANMOTRA,LJNSP,0.9750000000000001,1.0,0.75,P2,,,,,
17,5994,2805,2004,JANJGIR,SHOBHA LAL PRAJAPTI,LJP,SHOBHA LAL PRAJAPTI,LJNSP,0.9750000000000001,1.0,0.75,P2,,,,,
18,6013,780,2004,JAUNPUR,DHANANJAY SINGH,LJP,DHANANJAY SINGH,LJNSP,0.9750000000000001,1.0,0.75,P2,,,,,
19,6131,2477,2004,JHUNJHUNU,RANVEER SINGH GUDHA,LJP,RANVEER SINGH GUDHA,LJNSP,0.9750000000000001,1.0,0.75,P2,,,,,
20,6389,212,2004,KALIABOR,ANIL CHOUDHURY,LJP,ANIL CHOUDHURY,LJNSP,0.9750000000000001,1.0,0.75,P2,,,,,
21,6730,2988,2004,KARNAL,SURINDER SINGH HOODA,LJP,SURINDER SINGH HOODA,LJNSP,0.9750000000000001,1.0,0.75,P2,,,,,
22,7549,2957,2004,LAKHIMPUR,SUNMONI DAS,LJP,SUNMONI DAS,LJNSP,0.9750000000000001,1.0,0.75,P2,,,,,
23,9247,891,2004,NALANDA,DR. KUMAR PUSHPANJAY,LJP,DR. KUMAR PUSHPANJAY,LJNSP,0.9750000000000001,1.0,0.75,P2,,,,,
24,9889,945,2004,PANAJI,D'SOUZA WILFRED,NCP,DSOUZA WILFRED,NCP,0.9689655172413794,0.9655172413793104,1.0,P3,,,,,
25,10032,3185,2004,PATNA,VIDYA NAND VAKAL,CPI(ML)(L),VIDYA NAND VIKAL,CPI(ML)(L),0.94375,0.9375,1.0,P4,,,,,
26,10470,2305,2004,PURNEA,RAJESH RANJAN ALIAS PAPPU YADAV,LJP,RAJESH RANJAN ALIAS PAPPU YADAV,LJNSP,0.9750000000000001,1.0,0.75,P2,,,,,
27,11126,2336,2004,ROSERA,RAM CHANDRA PASWAN,LJP,RAM CHANDRA PASWAN,LJNSP,0.9750000000000001,1.0,0.75,P2,,,,,
28,11202,2471,2004,SAHARSA,RANJEET RANJAN,LJP,RANJEET RANJAN,LJNSP,0.9750000000000001,1.0,0.75,P2,,,,,
29,11485,1718,2004,SASARAM,MIRA KUMAR,INC,MEIRA KUMAR,INC,0.9571428571428571,0.9523809523809523,1.0,P3,,,,,
30,11698,3079,2004,SHAJAPUR,THAWARCHAND GEHLOT,BJP,THAWAR  CHAND GEHLOT,BJP,0.9756756756756757,0.972972972972973,1.0,P2,,,,,
31,11911,1550,2004,SINGHBHUM,LAXMAN GILUA,BJP,LAXMAN GILUWA,BJP,0.964,0.96,1.0,P3,,,,,
32,12099,2675,2004,SONEPAT,SATYA PAL,LJP,SATYA PAL,LJNSP,0.9750000000000001,1.0,0.75,P2,,,,,
33,16,9941,2009,ANDAMAN & NICOBAR ISLANDS,SMTI. R. S. UMA BHARATTHY,NCP,Smti. R. S. Uma Bharathy,NCP,0.9790697674418605,0.9767441860465116,1.0,P2,,,,,
34,32,4199,2009,ADILABAD,BANKA SAHADEVU,IND,Banka Sahadev,IND,0.9666666666666666,0.9629629629629629,1.0,P3,,,,,
35,67,4557,2009,AGRA,DR. CHANDRAPAL,IND,CHANDRA PAL,IND,0.9571428571428571,0.9523809523809523,1.0,P3,,,,,
36,126,8580,2009,AHMEDNAGAR,RAJEEV APPASAHEB RAJALE,IND,RAJIV APPASAHEB RAJALE,IND,0.9400000000000001,0.9333333333333333,1.0,P4,,,,,
37,149,9675,2009,AJMER,SHANTILAL DHABRIA,IND,SHANTILAL DHABARIA,IND,0.9742857142857143,0.9714285714285714,1.0,P2,,,,,
38,200,5025,2009,AKOLA,DIPAK SHRIRAM TIRAKE,RSPS,DIPAK SHRIRAM TIRAKE,RSP,0.9857142857142858,1.0,0.8571428571428571,P1,,,,,
39,211,9970,2009,ALAPPUZHA,SONY J. KALYANKUMAR,IND,Sony J Kalyanakumar,IND,0.9756756756756757,0.972972972972973,1.0,P2,,,,,
40,361,8935,2009,ALWAR,RAM LAL MEENA,IND,Ramlal meena,IND,0.964,0.96,1.0,P3,,,,,
41,487,10507,2009,AMRAVATI,UGALE SUNIL NAMDEV,PRBP,UGLE SUNIL NAMDEV,PRBP,0.9742857142857143,0.9714285714285714,1.0,P2,,,,,
42,500,7766,2009,AMRELI,NILABEN VIRJIBHAI THUMMAR,INC,NILABEN VIRJIBHAI THUMAR,INC,0.9816326530612245,0.9795918367346939,1.0,P1,,,,,
43,506,10593,2009,AMRELI,VALJIBHAI LALUBHAI SHIROYA,IND,VALJIBHAI LALLUBHAI SIROYA,IND,0.9653846153846154,0.9615384615384616,1.0,P3,,,,,
44,509,8902,2009,AMRELI,RAMESHBHAI JASHABHAI PARMAR,IND,RAMESHBHAI JASABHAI PARMAR,IND,0.9830188679245283,0.9811320754716981,1.0,P1,,,,,
45,527,7845,2009,AMRITSAR,OM PARKASH SONI,INC,OM PRAKASH SONI,INC,0.9400000000000001,0.9333333333333333,1.0,P4,,,,,
46,600,6800,2009,ANAND,LEELABEN RAVJIBHAI PARMAR,IND,LILABEN RAVJIBHAI PARMAR,IND,0.9448979591836735,0.9387755102040817,1.0,P4,,,,,
47,636,5848,2009,ANANTAPUR,J C RAMANJULA REDDY,IND,J C RAMANUJULA REDDY,IND,0.9769230769230769,0.9743589743589743,1.0,P2,,,,,
48,750,3773,2009,ARANI,HARIRAJ T.V,SP,ARIRAJ T.V,SP,0.9571428571428571,0.9523809523809523,1.0,P3,,,,,
49,754,5205,2009,ARANI,DURAIRAJ M,IND,DURAI RAJ M,IND,0.9571428571428571,0.9523809523809523,1.0,P3,,,,,
50,808,3835,2009,ARRAH,ARUN SINGH,CPI(ML)(L),ArunSingh,CPI(ML)(L),0.9526315789473684,0.9473684210526315,1.0,P3,,,,,
51,813,4312,2009,ARRAH,BHARAT BHUSAN PANDEY,ABJS,Bharat Bhushan Pandey,ABJS,0.9780487804878049,0.975609756097561,1.0,P2,,,,,
52,814,8791,2009,ARRAH,RAMADHAR SINGH,SHS,RamadharSingh,SHS,0.9666666666666666,0.9629629629629629,1.0,P3,,,,,
53,862,4207,2009,ASANSOL,BANSA GOPAL CHOWDHURY,CPM,BANSAGOPAL CHOWDHURY,CPM,0.9780487804878049,0.975609756097561,1.0,P2,,,,,
54,864,10263,2009,ASANSOL,SURYYA RAY,BJP,SURYA RAY,BJP,0.9526315789473684,0.9473684210526315,1.0,P3,,,,,
55,879,6249,2009,ASKA,KALICHARAN NAYAK,IND,Kali Charan Nayak,IND,0.9727272727272728,0.9696969696969697,1.0,P2,,,,,
56,881,4802,2009,ASKA,DEBASIS MISRA,IND,Debasis Mishra,IND,0.9666666666666666,0.9629629629629629,1.0,P3,,,,,
57,893,4133,2009,ATTINGAL,BALACHNDRAN C P,IND,Balachandran C P,IND,0.9709677419354839,0.967741935483871,1.0,P2,,,,,
58,896,5855,2009,ATTINGAL,J VIJAYAKUMAR,IND,J Vijaya Kumar,IND,0.9666666666666666,0.9629629629629629,1.0,P3,,,,,
59,924,3767,2009,AURANGABAD,ARCHNA CHANDRA,BSP,Archana Chandra,BSP,0.9689655172413794,0.9655172413793104,1.0,P3,,,,,
60,929,8514,2009,AURANGABAD,RAJENDRA YADAV,IND,RajendraYadav,IND,0.9666666666666666,0.9629629629629629,1.0,P3,,,,,
61,989,5104,2009,AZAMGARH,DR. JAVED AKHTAR,IND,DR. JAVED AKHTHAR,IND,0.964,0.96,1.0,P3,,,,,
62,1000,6461,2009,AZAMGARH,KHAIRUL BASHAR,IND,KHAIRUL BASAR,IND,0.9666666666666666,0.9629629629629629,1.0,P3,,,,,
63,1050,4196,2009,BAGALKOT,BANDIWADDAR CHANDRASHEKHAR HANAMANT,IND,BANDIWADDAR CHANDRASHEKAR HANAMANT,IND,0.9869565217391305,0.9855072463768116,1.0,P1,,,,,
64,1056,4641,2009,BAGALKOT,CHINCHOLI SANTOSHAKUMAR SAHEBAGOUDA,IND,CHINCHOLLI SANTOSHKUMAR SAHEBGOUDA,IND,0.9608695652173913,0.9565217391304348,1.0,P3,,,,,
65,1146,9992,2009,BALASORE,SRIKANT KUMAR JENA,INC,Srikanta Kumar Jena,INC,0.9756756756756757,0.972972972972973,1.0,P2,,,,,
66,1151,6788,2009,BALASORE,LAXIMIKANTA BEHERA,IND,Laxmikanta Behera,IND,0.9742857142857143,0.9714285714285714,1.0,P2,,,,,
67,1153,9975,2009,BALASORE,SHRADHANJALI PRADHAN,BSP,Sradhanjali Pradhan,BSP,0.9769230769230769,0.9743589743589743,1.0,P2,,,,,
68,1184,8746,2009,BALLIA,RAMSAKAL,SBSP,RAM SAKAL,SBSP,0.9470588235294117,0.9411764705882353,1.0,P4,,,,,
69,1277,10704,2009,BANGALORE CENTRAL,VIJAY RAJA SINGH,BSP,Vijay Raj Singh,BSP,0.9709677419354839,0.967741935483871,1.0,P2,,,,,
70,1299,6864,2009,BANGALORE CENTRAL,M.A. ASWATHANARAYANA SETTY,IND,M.A.Ashwatha Narayana Setty,IND,0.9653846153846154,0.9615384615384616,1.0,P3,,,,,
71,1310,4020,2009,BANGALORE CENTRAL,B.K NARAYANA SWAMY,IND,B.K.Narayanaswamy,IND,0.9742857142857143,0.9714285714285714,1.0,P2,,,,,
72,1336,6358,2009,BANGALORE NORTH,KANYA KUMAR,IND,Kanyakumar,IND,0.9571428571428571,0.9523809523809523,1.0,P3,,,,,
73,1339,3670,2009,BANGALORE NORTH,ANCHANA KHANNA,IND,Anchan Khanna,IND,0.9666666666666666,0.9629629629629629,1.0,P3,,,,,
74,1347,5583,2009,BANGALORE RURAL,H.D.KUMARASWAMY,JD(S),H D KUMARA SWAMY,JD(S),0.9709677419354839,0.967741935483871,1.0,P2,,,,,
75,1348,4496,2009,BANGALORE RURAL,C. P. YOGEESHWARA,BJP,C P Yogeeshwra,BJP,0.9689655172413794,0.9655172413793104,1.0,P3,,,,,
76,1356,10860,2009,BANGALORE RURAL,Y.CHINNAPPA,IND,Y.Chinnapa,IND,0.9571428571428571,0.9523809523809523,1.0,P3,,,,,
77,1374,7494,2009,BANGALORE SOUTH,MURALIDHARA.D.J.,IND,MURALI DHARA.D.J,IND,0.9709677419354839,0.967741935483871,1.0,P2,,,,,
78,1378,9363,2009,BANGALORE SOUTH,SANTOSH MIN.B,IND,Santhosh Min.B,IND,0.9666666666666666,0.9629629629629629,1.0,P3,,,,,
79,1382,10083,2009,BANGALORE SOUTH,SUGANDHARAJE URS,IND,SUGANDHA RAJE URS,IND,0.9727272727272728,0.9696969696969697,1.0,P2,,,,,
80,1410,5527,2009,BANKA,GIRIDHARI YADAV,INC,GRIDHARI YADAV,INC,0.9689655172413794,0.9655172413793104,1.0,P3,,,,,
81,1438,3936,2009,BANKURA,ASWINI DULEY,JKP(N),Ashwini Duley,JKP(N),0.964,0.96,1.0,P3,,,,,
82,1558,5431,2009,BARAMULLA,GH NABI PARRAY,RPI,GH NABI PARRAY,RPI(A),0.9750000000000001,1.0,0.75,P2,,,,,
83,1597,3789,2009,BARDOLI,ARJUNBHAI BHALJIBHAI CHAUDHARI,IND,ARJUNBHAI BHALJIBHAI CHAUDHARY,IND,0.97,0.9666666666666667,1.0,P2,,,,,
84,1643,8103,2009,BARMER,POPATRAM,IND,Popat Ram,IND,0.9470588235294117,0.9411764705882353,1.0,P4,,,,,
85,1724,9652,2009,BASTAR,SHANKAR SODI,INC,Shankar Sodhi,INC,0.964,0.96,1.0,P3,,,,,
86,1726,3990,2009,BASTAR,AYTU RAM MANDAVI,BSP,Ayaturam Mandavi,BSP,0.94375,0.9375,1.0,P4,,,,,
87,1777,7152,2009,BEED,MASKE MACHINDRA BABURAO,BSP,MASKE MACHHINDRA BABURAO,BSP,0.9808510638297872,0.9787234042553191,1.0,P1,,,,,
88,1778,6465,2009,BEED,KHALGE KACHARU SANTARAMJI,BBM,KHALGE KACHRU SANTRAMJI,BBM,0.9625,0.9583333333333334,1.0,P3,,,,,
89,1779,6928,2009,BEED,MAHAMMAD AKRAM MAHAMMAD SALIMUDDIN BAGWAN,IND,MAHAMMAD AKARAM MAHAMMAD SALIMUDDIN BAGWAN,IND,0.9891566265060241,0.9879518072289156,1.0,P1,,,,,
90,1781,9508,2009,BEED,SAYED MINHAJ ALI WAJED ALI (PENDKHAJUR WALE),IND,SAYYED MINHAJ ALI WAJED ALI (PENDKHJUR WALE),IND,0.9785714285714285,0.9761904761904762,1.0,P2,,,,,
91,1782,8896,2009,BEED,RAMESH VISHWANATH KOKATE,IND,RAMESH VISHVANATH KOKATE,IND,0.9625,0.9583333333333334,1.0,P3,,,,,
92,1784,3436,2009,BEED,ADV.NATKAR RAMRAO SHESHERAO,IND,ADV.NATKAR RAMRAO SHESHRAO,IND,0.98,0.9777777777777777,1.0,P1,,,,,
93,1787,6473,2009,BEED,KHAN SIKANDAR KHAN HUSEN KHAN,IND,KHAN SIKANDAR KHAN HUSSAIN KHAN,IND,0.9400000000000001,0.9333333333333333,1.0,P4,,,,,
94,1788,9510,2009,BEED,SAYYAD SALIM FATTU,IND,SAYYED SALIM FATTU,IND,0.95,0.9444444444444444,1.0,P3,,,,,
95,1789,9395,2009,BEED,SARDAR KHAN SULTANBABA,IND,SARDAR KHAN SULTANABABA,IND,0.98,0.9777777777777777,1.0,P1,,,,,
96,1806,9698,2009,BEGUSARAI,SHATRUGHNA PRASAD SINGH,CPI,SHATRUGHAN PRASAD SINGH,CPI,0.9608695652173913,0.9565217391304348,1.0,P3,,,,,
97,1837,8786,2009,BELGAUM,RAMCHANDRA MAREPPA TORGAL(CHALAWADI),IND,RAMACHANDRA MAREPPA TORGAL (CHALAWADI),IND,0.9873239436619718,0.9859154929577465,1.0,P1,,,,,
98,1910,10165,2009,BETUL,SUNIL KUMAR KAWDE,IND,SUNIL KUMAR KAWADE,IND,0.9742857142857143,0.9714285714285714,1.0,P2,,,,,
99,1948,9012,2009,BHADRAK,RATHA DAS,BJP,Rath Das,BJP,0.9470588235294117,0.9411764705882353,1.0,P4,,,,,
100,1980,9038,2009,BHAGALPUR,RAVISHANKAR SINGH,IND,RAVI SHANKAR SINGH,IND,0.9742857142857143,0.9714285714285714,1.0,P2,,,,,
101,1996,10532,2009,BHANDARA - GONDIYA,UNDIRWADE HEMANT JAGIVAN,PRCP,UNDIRWADE HEMANT JAGIVAN,PRBP,0.9750000000000001,1.0,0.75,P2,,,,,
102,2007,5956,2009,BHANDARA - GONDIYA,JAMAIWAR SUNIL PARASRAM,RSPS,JAMAIWAR SUNIL PARASRAM,RSP,0.9857142857142858,1.0,0.8571428571428571,P1,,,,,
103,2018,6486,2009,BHARATPUR,KHEMCHAND,BJP,KHEM CHAND,BJP,0.9526315789473684,0.9473684210526315,1.0,P3,,,,,
104,2108,9007,2009,BHILWARA,RATANLAL DHOBI,IND,RATAN LAL DHOBI,IND,0.9689655172413794,0.9655172413793104,1.0,P3,,,,,
105,2152,5844,2009,BHIWANDI,ISMAIL SHAIKH LATIF,KKJHS,ISMAILE SHAIKH LATIF,KKJHS,0.9769230769230769,0.9743589743589743,1.0,P2,,,,,
106,2154,6945,2009,BHIWANDI,MAHENDRA KERU WADHWINDE,IND,MAHENDRA KERU WADVINDE,IND,0.9400000000000001,0.9333333333333333,1.0,P4,,,,,
107,2181,5068,2009,BHIWANI-MAHENDRAGARH,DR. PURAN MAL SHARMA,IND,DR PURANMAL SHARMA,IND,0.9709677419354839,0.967741935483871,1.0,P2,,,,,
108,2194,8596,2009,BHIWANI-MAHENDRAGARH,RAJ KUMAR,IND,RAJKUMAR,IND,0.9470588235294117,0.9411764705882353,1.0,P4,,,,,
109,2195,7012,2009,BHIWANI-MAHENDRAGARH,MANMOHAN SINGH,IND,MAN MOHAN SINGH,IND,0.9689655172413794,0.9655172413793104,1.0,P3,,,,,
110,2209,9864,2009,BHONGIR,SIDDHARTHA PHOOLEY,BSP,Siddhartha Pooley,BSP,0.9742857142857143,0.9714285714285714,1.0,P2,,,,,
111,2266,9418,2009,BHUBANESWAR,SASTHI PRASAD SETHI,IND,Sasthi Prasad Sethy,IND,0.9526315789473684,0.9473684210526315,1.0,P3,,,,,
112,2278,7537,2009,BIDAR,N.DHARAM SINGH,INC,N. Dharamsingh,INC,0.9666666666666666,0.9629629629629629,1.0,P3,,,,,
113,2284,10319,2009,BIDAR,SYED QUBUL ULLA HUSSIANI (SAJID),IND,SYED QUBUL ULLAHUSSIANI (SAJID),IND,0.9847457627118644,0.9830508474576272,1.0,P1,,,,,
114,2310,3556,2009,BIJAPUR,ALMELKAR VILASABABU BASALINGAPPA,JD(S),Almellkar Vilasbabu Basalingappa,JD(S),0.971875,0.96875,1.0,P2,,,,,
115,2378,6488,2009,BIKANER,KHEM CHAND NIMBHAL,IND,KHEMCHAND NIMBHAL,IND,0.9742857142857143,0.9714285714285714,1.0,P2,,,,,
116,2405,3445,2009,BILASPUR,ADVOCATE T.R.NIRALA,BSP,AdvocateT R Nirala,BSP,0.9756756756756757,0.972972972972973,1.0,P2,,,,,
117,2412,5085,2009,BILASPUR,DR.BALMUKUND SINGH MARAVI,GGP,Dr. Bal Mukund Singh Maravi,GGP,0.98,0.9777777777777777,1.0,P1,,,,,
118,2415,3916,2009,BILASPUR,ASHOK SHRIVASTAVA,IND,Ashok Shrivastav,IND,0.9727272727272728,0.9696969696969697,1.0,P2,,,,,
119,2418,3310,2009,BILASPUR,ABDUL HAMID SIDDIQUE,IND,Abdul Hamid Siddiqui,IND,0.955,0.95,1.0,P3,,,,,
120,2454,9724,2009,BIRBHUM,SHIB RATAN SHARMA,JMM,SHIBRATAN SHARMA,JMM,0.9727272727272728,0.9696969696969697,1.0,P2,,,,,
121,2470,9286,2009,BOLANGIR,SANGEETA KUMARI SINGH DEO,BJP,SANGEETA KUMARI SINGDEO,BJP,0.9625,0.9583333333333334,1.0,P3,,,,,
122,2472,4165,2009,BOLANGIR,BALHAN SAGAR,BSP,BALHANSAGAR,BSP,0.9608695652173913,0.9565217391304348,1.0,P3,,,,,
123,2485,10670,2009,BOLPUR,VIDYASAGAR METE,BSP,VIDYA SAGAR METE,BSP,0.9709677419354839,0.967741935483871,1.0,P2,,,,,
124,2544,9735,2009,BULDHANA,SHINGANE DR.RAJENDRA BHASKARRAO,NCP,SHINGNE DR.RAJENDRA BHASKARRAO,NCP,0.9836363636363636,0.9818181818181818,1.0,P1,,,,,
125,2546,4956,2009,BULDHANA,DHOKNE RAVINDRA TULSHIRAMJI,BBM,DHOKNE RAVINDRA TULSHRAMJI,BBM,0.9830188679245283,0.9811320754716981,1.0,P1,,,,,
126,2551,8551,2009,BULDHANA,RAJESH NILKANTHRAO TATHE,IND,RAJESH NIKANTHRAO TATHE,IND,0.9808510638297872,0.9787234042553191,1.0,P1,,,,,
127,2556,5337,2009,BULDHANA,GAJANAN RAJARAM SIRSAT,RSPS,GAJANAN RAJARAM SIRSAT,RSP,0.9857142857142858,1.0,0.8571428571428571,P1,,,,,
128,2557,5275,2009,BULDHANA,FERAN CHANDRAHAS JAGDEO,ABHM,FERAN CHADRAHAS JAGDEO,ABHM,0.98,0.9777777777777777,1.0,P1,,,,,
129,2587,5889,2009,BUXAR,JAGADA NAND SINGH,RJD,Jagda Nand singh,RJD,0.9727272727272728,0.9696969696969697,1.0,P2,,,,,
130,2588,6755,2009,BUXAR,LAL MUNI CHOUBEY,BJP,Lalmuni choubey,BJP,0.9709677419354839,0.967741935483871,1.0,P2,,,,,
131,2591,6305,2009,BUXAR,KAMLA KANT TIWARY,INC,Kamla Kant Tiwari,INC,0.9470588235294117,0.9411764705882353,1.0,P4,,,,,
132,2597,6013,2009,BUXAR,JAI SINGH YADAV,IND,Jay singh yadav,IND,0.9400000000000001,0.9333333333333333,1.0,P4,,,,,
133,2600,8470,2009,BUXAR,RAJENDRA PASWAN,IND,Rajendar Paswan,IND,0.9400000000000001,0.9333333333333333,1.0,P4,,,,,
134,2603,6728,2009,BUXAR,LALLAN RUPNARAIN PATHAK,IND,Lalan Rup Narain Pathak,IND,0.9608695652173913,0.9565217391304348,1.0,P3,,,,,
135,2605,10196,2009,BUXAR,SURENDRA KUMAR BHARTI,IND,Surendar Kumar Bharti,IND,0.9571428571428571,0.9523809523809523,1.0,P3,,,,,
136,2697,8299,2009,CHAMARAJANAGAR,PURUSHOTTHAMA.R,IND,PURUSHOTHAMA R,IND,0.9689655172413794,0.9655172413793104,1.0,P3,,,,,
137,2700,4666,2009,CHAMARAJANAGAR,CHOWDAHALLY JAVARAIAH,CPI(ML)(L),CHOWDAHALLI JAVARAIAH,CPI(ML)(L),0.9571428571428571,0.9523809523809523,1.0,P3,,,,,
138,2720,6004,2009,CHANDAULI,JAWAHAR LAL JAISAWAL,BJP,JAWAHAR LAL JAISWAL,BJP,0.9769230769230769,0.9743589743589743,1.0,P2,,,,,
139,2732,8603,2009,CHANDAULI,RAJNATH,BRPP,RAJNATH,BRP,0.9857142857142858,1.0,0.8571428571428571,P1,,,,,
140,2926,7298,2009,CHENNAI CENTRAL,MOHAMMED ALI ZINNA.A,IND,MOHAMED ALI ZINNA.A,IND,0.9769230769230769,0.9743589743589743,1.0,P2,,,,,
141,2944,8129,2009,CHENNAI CENTRAL,PRABHU.V,IND,PRABU.V,IND,0.9400000000000001,0.9333333333333333,1.0,P4,,,,,
142,2950,4901,2009,CHENNAI CENTRAL,DHAMODARAN.T,IND,DHAMODHARAN.T,IND,0.964,0.96,1.0,P3,,,,,
143,3206,6836,2009,CHITRADURGA,M KUMBAIAH,IND,M KUMBHAIAH,IND,0.9571428571428571,0.9523809523809523,1.0,P3,,,,,
144,3229,9901,2009,CHITTORGARH,SITARAM GUJAR,IND,SITARAM  GUJHAR,IND,0.9666666666666666,0.9629629629629629,1.0,P3,,,,,
145,3232,9371,2009,CHITTORGARH,SANTOSH JOSHI,IND,SANTOSH JOSI,IND,0.964,0.96,1.0,P3,,,,,
146,3263,9618,2009,CHURU,SHAILENDRA AWASTHI,SP,SHALENDRA  AWASTHI,SP,0.9742857142857143,0.9714285714285714,1.0,P2,,,,,
147,3467,10908,2009,DARBHANGA,YUGESHWAR SAHANI,BSP,YUGESHWAR SAHNI,BSP,0.9709677419354839,0.967741935483871,1.0,P2,,,,,
148,3507,8694,2009,DAUSA,RAM KISHORE MEENA,BJP,RAM KISHOR MEENA,BJP,0.9727272727272728,0.9696969696969697,1.0,P2,,,,,
149,3508,9772,2009,DAUSA,SHIVA RAM,RJVP,SHIVARAM,RJVP,0.9470588235294117,0.9411764705882353,1.0,P4,,,,,
150,3537,5584,2009,DAVANAGERE,H K KENCHAVEERAPPA HEBBALU,IND,H K KENCHVEERAPPA HEBBALU,IND,0.9823529411764705,0.9803921568627451,1.0,P1,,,,,
151,3596,5904,2009,DEORIA,JAGDISH KUMAR VERMA,LPSP,JAGDISH KUMAR VERMA,LSP,0.9857142857142858,1.0,0.8571428571428571,P1,,,,,
152,3670,5344,2009,DHAR,GAJENDRA SINGH RAJUKHEDI,INC,GAJENDRASINGH RAJUKHEDI,INC,0.9808510638297872,0.9787234042553191,1.0,P1,,,,,
153,3671,7435,2009,DHAR,MUKAM SINGH KIRADE,BJP,MUKAMSINGH KIRADE,BJP,0.9742857142857143,0.9714285714285714,1.0,P2,,,,,
154,3676,6082,2009,DHAR,JITENDRA SINGH BAGHEL,GGP,JITENDRASINGH BHAGHEL,GGP,0.9571428571428571,0.9523809523809523,1.0,P3,,,,,
155,3677,6495,2009,DHAR,KHUMAN SINGH BARIYA,IND,KHUMANSINGH BARIYA,IND,0.9756756756756757,0.972972972972973,1.0,P2,,,,,
156,3678,6383,2009,DHAR,KARAN SINGH,IND,KARANSINGH,IND,0.9571428571428571,0.9523809523809523,1.0,P3,,,,,
157,3680,4218,2009,DHAR,BAPUSINGH BAGHEL,RPI(A),BAPUSINGH BHAGHEL,RPI(A),0.9727272727272728,0.9696969696969697,1.0,P2,,,,,
158,3720,5621,2009,DHARWAD,HANUMANTSA CHANDRAKANTSA NIRANJAN,JD(U),HANMANTSA CHANDRAKANTSA NIRANJAN,JD(U),0.9861538461538462,0.9846153846153847,1.0,P1,,,,,
159,3763,4564,2009,DHENKANAL,CHANDRA SEKHAR TRIPATHI,INC,Chandra Sekhar Tripathy,INC,0.9608695652173913,0.9565217391304348,1.0,P3,,,,,
160,3801,6432,2009,DHULE,KAVAYATRI-SONKANYA SAU. THAKUR RAJANI BHAGWAN,BBM,KAVAYATRI-SONKANYA THAKUR RAJANI BAGWAN,BBM,0.9457831325301205,0.9397590361445783,1.0,P4,,,,,
161,3824,5709,2009,DIAMOND HARBOUR,HARUNAL RASID KAJI,NCP,HARUNAL RASHID KAJI,NCP,0.9756756756756757,0.972972972972973,1.0,P2,,,,,
162,3877,9639,2009,DINDORI,SHANKAR DEORAM GANGURDE,IND,SHANKAR DEORAM GANGUDE,IND,0.98,0.9777777777777777,1.0,P1,,,,,
163,4069,9717,2009,ERNAKULAM,SHERIF MOHAMMED,BSP,Sherief Mohammed,BSP,0.9709677419354839,0.967741935483871,1.0,P2,,,,,
164,4219,9265,2009,FARIDABAD,SAMSUDDIN,IND,SAMSUDIN,IND,0.9470588235294117,0.9411764705882353,1.0,P4,,,,,
165,4221,5703,2009,FARIDABAD,HARSH BHATIA,IND,HARSH BHATIYA,IND,0.964,0.96,1.0,P3,,,,,
166,4276,7288,2009,FARRUKHABAD,MITHLESH KUMARI,BJP,MITHALESH KUMARI,BJP,0.9709677419354839,0.967741935483871,1.0,P2,,,,,
167,4279,9091,2009,FARRUKHABAD,RISHIDUTT,ABHM,RISHI DUTT,ABHM,0.9526315789473684,0.9473684210526315,1.0,P3,,,,,
168,4284,8754,2009,FARRUKHABAD,RAMSHARAN,BNRP,RAM SHARAN,BNRP,0.9526315789473684,0.9473684210526315,1.0,P3,,,,,
169,4328,9517,2009,FATEHPUR SIKRI,SEEMA UPADHYAY,BSP,SEEMA UPADHAYAY,BSP,0.9689655172413794,0.9655172413793104,1.0,P3,,,,,
170,4333,9445,2009,FATEHPUR SIKRI,SATISH CHANDR,IND,SATISH CHANDRA,IND,0.9666666666666666,0.9629629629629629,1.0,P3,,,,,
171,4339,4256,2009,FATEHPUR SIKRI,BENI PRASHAD AGARWAL,IND,BENI PRASAD AGARWAL,IND,0.9769230769230769,0.9743589743589743,1.0,P2,,,,,
172,4448,6263,2009,GANDHINAGAR,KALPESHKUMAR RAJANIKANT MODI,IND,KALPESHKUMAR RAJNIKANT MODI,IND,0.9836363636363636,0.9818181818181818,1.0,P1,,,,,
173,4569,8696,2009,GAYA,RAMKISHORE PASWAN,IND,Ram Kishore Paswan,IND,0.9742857142857143,0.9714285714285714,1.0,P2,,,,,
174,4573,3580,2009,GAYA,AMARNATH PRASAD,IND,Amar Nath Prasad,IND,0.9709677419354839,0.967741935483871,1.0,P2,,,,,
175,4576,6572,2009,GAYA,KRISHNA CHOUDHARY,IND,Krishna Chaudhary,IND,0.9470588235294117,0.9411764705882353,1.0,P4,,,,,
176,4773,6516,2009,GONDA,KIRTI VARDHAN SINGH (RAJA BHAIYA),BSP,KIRTI VARDHAN SINGH RAJA BAIYA,BSP,0.9852459016393442,0.9836065573770492,1.0,P1,,,,,
177,4784,3535,2009,GONDA,AKHILENDRA KUMAR PATHAK,IND,AKILENDRA KUMAR PATHAK,IND,0.98,0.9777777777777777,1.0,P1,,,,,
178,4791,5323,2009,GONDA,GANGA DHAR SHUKLA,IND,GAGNGA DHAR SHUKLA,IND,0.9742857142857143,0.9714285714285714,1.0,P2,,,,,
179,4807,8296,2009,GOPALGANJ,PURNMASI RAM,JD(U),PURNAMASI RAM,JD(U),0.964,0.96,1.0,P3,,,,,
180,4810,8921,2009,GOPALGANJ,RAMAI RAM,INC,Rami Ram,INC,0.9470588235294117,0.9411764705882353,1.0,P4,,,,,
181,4814,4933,2009,GOPALGANJ,DHARMENDRA KUMAR HAZRA,IND,DHARMENDRA KUMAR HAJARA,IND,0.9400000000000001,0.9333333333333333,1.0,P4,,,,,
182,4816,9248,2009,GOPALGANJ,SHAMBHU DOM,IND,SAMBHU DOM,IND,0.9571428571428571,0.9523809523809523,1.0,P3,,,,,
183,4820,4990,2009,GOPALGANJ,DINANATH MANJHI,IND,DINA NATH MANJHI,IND,0.9709677419354839,0.967741935483871,1.0,P2,,,,,
184,4832,3387,2009,GORAKHPUR,ADITYANATH,BJP,ADITYA NATH,BJP,0.9571428571428571,0.9523809523809523,1.0,P3,,,,,
185,4835,6718,2009,GORAKHPUR,LALCHAND NISHAD,INC,LAL CHAND NISHAD,INC,0.9709677419354839,0.967741935483871,1.0,P2,,,,,
186,4837,7781,2009,GORAKHPUR,NIRANJAN PRASAD,IND,NIRANRAN PRASAD,IND,0.9400000000000001,0.9333333333333333,1.0,P4,,,,,
187,4840,5683,2009,GORAKHPUR,HARISHCHANDRA,IND,HARISH CHANDRA,IND,0.9666666666666666,0.9629629629629629,1.0,P3,,,,,
188,4850,8407,2009,GORAKHPUR,RAJBAHADUR,IJP,RAJ BAHADUR,IJP,0.9571428571428571,0.9523809523809523,1.0,P3,,,,,
189,4852,8426,2009,GORAKHPUR,RAJMANI,BEP,RAJ MANI,BEP,0.9400000000000001,0.9333333333333333,1.0,P4,,,,,
190,4900,7902,2009,GUNA,P.MAHESH CHANDAR SHASHTRI,IND,P.MAHESH CHANDRA SHASHTRI,IND,0.964,0.96,1.0,P3,,,,,
191,4960,9423,2009,GURGAON,SATINDER SINGH THAKRAN,IND,SATENDER SINGH THAKRAN,IND,0.9590909090909091,0.9545454545454546,1.0,P3,,,,,
192,4963,6667,2009,GURGAON,KUSHESHWAR BHAGAT,IND,KUSHESWAR BHAGAT,IND,0.9727272727272728,0.9696969696969697,1.0,P2,,,,,
193,4966,3578,2009,GURGAON,AMAR MOHMMAD,IND,AMAR MOHAMMAD,IND,0.964,0.96,1.0,P3,,,,,
194,4998,8737,2009,GWALIOR,RAM RATAN KUSWAH,IND,RAM RATAN KUSHWAH,IND,0.9727272727272728,0.9696969696969697,1.0,P2,,,,,
195,5012,4765,2009,HAJIPUR,DASAI CHOUDHARY,INC,DASAI CHOWDHARY,INC,0.9400000000000001,0.9333333333333333,1.0,P4,,,,,
196,5056,8220,2009,HAMIRPUR,"PREETAM SINGH LODHI ""KISAAN""",BJP,"PREETAM SINGH LODHI ""KISSAN""",BJP,0.9653846153846154,0.9615384615384616,1.0,P3,,,,,
197,5150,6175,2009,HASSAN,K. H. HANUME GOWDA,BJP,K. H. Hanumegowda,BJP,0.9709677419354839,0.967741935483871,1.0,P2,,,,,
198,5188,3803,2009,HATKANANGLE,ARUN ALIAS SHAM BAJARANG BUCHADE,IND,ARUN ALIAS SHAM BAJARNAG BUCHADE,IND,0.971875,0.96875,1.0,P2,,,,,
199,5195,9766,2009,HAVERI,SHIVKUMARGOUD SHIDLINGANGOUDA PATIL,JD(S),SHIVAKUMARGOUDA SHIDDALINGANGOUDA PATIL,JD(S),0.9513513513513513,0.9459459459459459,1.0,P3,,,,,
200,5199,5784,2009,HAVERI,IGALA DILLEPPA KARIYAPPA,BSP,IGAL DILLPPA KARIYAPPA,BSP,0.9608695652173913,0.9565217391304348,1.0,P3,,,,,
201,5202,5872,2009,HAVERI,JAGADEESH YANKAPPA DODMANI,IND,JAGADEESH YANKAPPA DODDAMANI,IND,0.9666666666666666,0.9629629629629629,1.0,P3,,,,,
202,5203,5264,2009,HAVERI,FAKKIRESH SHAMBU BIJAPUR,IND,FAKKIRESH SHAMBHU BIJAPUR,IND,0.9816326530612245,0.9795918367346939,1.0,P1,,,,,
203,5229,7214,2009,HAZARIBAGH,MD. MOINUDDIN AHMAD,IND,MD. MOINUDDIN AHMED,IND,0.95,0.9444444444444444,1.0,P3,,,,,
204,5259,10560,2009,HINGOLI,UTTAMRAO DAGADUJI BHAGAT,PRCP,UTTAMRAO DAGADUJI BHAGAT,PRBP,0.9750000000000001,1.0,0.75,P2,,,,,
205,5347,5602,2009,HOSHANGABAD,HAJEE SYID MUEEN UDDIN,SP,HAJAEE SYID MUEEN UDDIN,SP,0.98,0.9777777777777777,1.0,P1,,,,,
206,5390,8654,2009,HOWRAH,RAMAVTAR GUPTA,BSP,RAM AVTAR GUPTA,BSP,0.9689655172413794,0.9655172413793104,1.0,P3,,,,,
207,5423,6885,2009,HYDERABAD,M.A. HABEEB,IND,Ma Habeeb,IND,0.9526315789473684,0.9473684210526315,1.0,P3,,,,,
208,5541,9279,2009,JADAVPUR,SANDHYA MONDAL,BSP,SANDHAYA MONDAL,BSP,0.9689655172413794,0.9655172413793104,1.0,P3,,,,,
209,5576,3766,2009,JAHANABAD,ARVIND PRASAD SINGH,IND,Arbind prasad singh,IND,0.9526315789473684,0.9473684210526315,1.0,P3,,,,,
210,5582,5894,2009,JAHANABAD,JAGDISH YADAV,IND,Jagdis Yadav,IND,0.964,0.96,1.0,P3,,,,,
211,5588,7988,2009,JAHANABAD,PRABHAT KUMAR RANJAN,IND,Parbhat Kumar Ranjan,IND,0.955,0.95,1.0,P3,,,,,
212,5589,9930,2009,JAHANABAD,SIYA RAM PRASAD,IND,SIYARAM PRASAD,IND,0.9689655172413794,0.9655172413793104,1.0,P3,,,,,
213,5611,8595,2009,JAIPUR,RAJ KUMAR,IND,RAJKUMAR,IND,0.9470588235294117,0.9411764705882353,1.0,P4,,,,,
214,5612,9897,2009,JAIPUR,SITA RAM BAIRWA,IND,SITA RMA BAIRWA,IND,0.9400000000000001,0.9333333333333333,1.0,P4,,,,,
215,5634,8727,2009,JAIPUR RURAL,RAMNIWAS YADAV,JD(U),RAM NIWAS YADAV,JD(U),0.9689655172413794,0.9655172413793104,1.0,P3,,,,,
216,5642,8368,2009,JAIPUR RURAL,RADHEYSHYAM MEENA,IND,RADHEY SHYAM MEENA,IND,0.9742857142857143,0.9714285714285714,1.0,P2,,,,,
217,5643,10837,2009,JAIPUR RURAL,VRADHICHAND KUMAWAT,IND,VRADHI CHAND KUMAWAT,IND,0.9769230769230769,0.9743589743589743,1.0,P2,,,,,
218,5646,7160,2009,JAIPUR RURAL,MATADEEN DHANKA,IND,MATADEEN DHANAKA,IND,0.9709677419354839,0.967741935483871,1.0,P2,,,,,
219,5787,4848,2009,JALORE,DEVJI PATEL,BJP,DEV JI PATEL,BJP,0.9608695652173913,0.9565217391304348,1.0,P3,,,,,
220,5797,4100,2009,JALORE,BAGDARAM,IND,BAGDA RAM,IND,0.9470588235294117,0.9411764705882353,1.0,P4,,,,,
221,5798,4306,2009,JALORE,BHANWAR LAL WAGELA,IND,BHANWAR LAL WAGHELA,IND,0.9756756756756757,0.972972972972973,1.0,P2,,,,,
222,5807,4624,2009,JALORE,CHAGANLAL MEGHWAL,IND,CHHAGAN LAL MEGHWAL,IND,0.95,0.9444444444444444,1.0,P3,,,,,
223,5808,8090,2009,JALORE,POKARA RAM,IND,POKRA RAM,IND,0.9526315789473684,0.9473684210526315,1.0,P3,,,,,
224,5823,5664,2009,JALPAIGURI,HARI BHAKTA SARDAR,IND,Haribhakta Sardar,IND,0.9742857142857143,0.9714285714285714,1.0,P2,,,,,
225,5925,10135,2009,JAMSHEDPUR,SUMAN MAHATO,JMM,SUMAN MAHTO,JMM,0.9608695652173913,0.9565217391304348,1.0,P3,,,,,
226,5964,4417,2009,JAMUI,BILAKSHAN RABIDAS,IND,BILAKSHAN RAVIDAS,IND,0.9470588235294117,0.9411764705882353,1.0,P4,,,,,
227,6165,8615,2009,JODHPUR,RAJU RAM,BSP,RAJURAM,BSP,0.9400000000000001,0.9333333333333333,1.0,P4,,,,,
228,6176,4532,2009,JODHPUR,CHAMPALAL,IND,CHAMPA LAL,IND,0.9526315789473684,0.9473684210526315,1.0,P3,,,,,
229,6326,4474,2009,KAISERGANJ,BRIJBHUSHAN SHARAN SINGH,SP,BRIJBHUSHAN SARAN SINGH,SP,0.9808510638297872,0.9787234042553191,1.0,P1,,,,,
230,6328,5061,2009,KAISERGANJ,DR LALTA PRASAD MISHRA ALIAS DR L P MISHRA,BJP,DR LALTA PRASAD MISHRA ALIS DR L P MISHRA,BJP,0.9873239436619718,0.9859154929577465,1.0,P1,,,,,
231,6340,8415,2009,KAISERGANJ,RAJ KISHOR SINGH,IND,RAJ KISHORE SINGH,IND,0.9727272727272728,0.9696969696969697,1.0,P2,,,,,
232,6437,7323,2009,KALYAN,MOHHAMAD YUSUF FAROOKH KHAN,IND,MOHAMMAD YUSUF FAROOKH KHAN,IND,0.9666666666666666,0.9629629629629629,1.0,P3,,,,,
233,6438,9866,2009,KALYAN,SIDDIQUE ASFAQUE ALI,IND,SIDDIQUE ASHFAQUE ALI,IND,0.9780487804878049,0.975609756097561,1.0,P2,,,,,
234,6447,4303,2009,KALYAN,BHANUSHALI LAXMIDAS VELJI,IND,BHANUSHALI LAXMINDAS VELJI,IND,0.9823529411764705,0.9803921568627451,1.0,P1,,,,,
235,6472,6913,2009,KANCHEEPURAM,MAGESHKUMAR.E,IND,MAGESH KUMAR.E,IND,0.9666666666666666,0.9629629629629629,1.0,P3,,,,,
236,6484,9120,2009,KANDHAMAL,RUDRAMADHAB RAY,BJD,Rudra Madhab Ray,BJD,0.9709677419354839,0.967741935483871,1.0,P2,,,,,
237,6488,6285,2009,KANDHAMAL,KAMALAKANT PANDEY,IND,Kamala Kanta Pandey,IND,0.95,0.9444444444444444,1.0,P3,,,,,
238,6492,5442,2009,KANDHAMAL,GHORABAN BEHERA,IND,Ghorabana Behera,IND,0.9709677419354839,0.967741935483871,1.0,P2,,,,,
239,6517,7188,2009,KANKER,MAYARAM NETAM (FULSINGH SILADAR),IND,Mayaram Netam (Fulsingh Siledar),IND,0.97,0.9666666666666667,1.0,P2,,,,,
240,6520,5954,2009,KANKER,JALSINGH SHORI,CSP,Jalsingh Sori,CSP,0.9666666666666666,0.9629629629629629,1.0,P3,,,,,
241,6563,4155,2009,KANNIYAKUMARI,BALASUBRAMONIAN T,ABHM,BALASUBRAMANIAN T,ABHM,0.9470588235294117,0.9411764705882353,1.0,P4,,,,,
242,6589,6094,2009,KANNUR,JOHNSON ALIAS SUNNY AMBATT,IND,Johnson Alias Sunny Ambattu,IND,0.9830188679245283,0.9811320754716981,1.0,P1,,,,,
243,6644,10533,2009,KARAKAT,UPENDRA KUMAR SHARMA,BSP,Upendar Kumar Sharma,BSP,0.955,0.95,1.0,P3,,,,,
244,6659,5351,2009,KARAULI-DHOLPUR,GANGARAM,IND,GANARAM,IND,0.9400000000000001,0.9333333333333333,1.0,P4,,,,,
245,6664,9798,2009,KARAULI-DHOLPUR,SHREELAL KHARE,LJP,SHREE LAL KHARE,LJP,0.9689655172413794,0.9655172413793104,1.0,P3,,,,,
246,6668,4307,2009,KARAULI-DHOLPUR,BANWARI,IND,BHANWARI,IND,0.9400000000000001,0.9333333333333333,1.0,P4,,,,,
247,6785,10348,2009,KARUR,THAMBIDURAI.M,ADMK,TAMBIDURAI.M,ADMK,0.964,0.96,1.0,P3,,,,,
248,6838,3299,2009,KASARAGOD,ABBAS MOTHALAPPARA,IND,Abbas Muthalappara,IND,0.95,0.9444444444444444,1.0,P3,,,,,
249,6864,7109,2009,KATIHAR,MANOJ PARASHAR,IND,MANOJ PARASAR,IND,0.9666666666666666,0.9629629629629629,1.0,P3,,,,,
250,6901,8780,2009,KENDRAPARA,RAMA KRISHNA DASH,CPI(ML)(L),Rama krushna Dash,CPI(ML)(L),0.9470588235294117,0.9411764705882353,1.0,P4,,,,,
251,6909,10875,2009,KEONJHAR,YASHBANT NARAYAN SINGH LAGURI,BJD,Yashbanta Narayan Singh Laguri,BJD,0.9847457627118644,0.9830508474576272,1.0,P1,,,,,
252,7013,6998,2009,KHAMMAM,MALLAVARAPU JEREMIAH,IND,Mallavarapu Jeremaih,IND,0.955,0.95,1.0,P3,,,,,
253,7048,6992,2009,KHARGONE,MAKANSINGH SOLANKI (BABUJI),BJP,MAKNSINGH SOLANKI (BABUJI),BJP,0.9816326530612245,0.9795918367346939,1.0,P1,,,,,
254,7050,4287,2009,KHARGONE,BHAI KIRANSINGH BADOLE (KIRESH),CPI,BHAI KIRNSINGH BADOLE (KIRESH),CPI,0.9842105263157894,0.9824561403508771,1.0,P1,,,,,
255,7056,5277,2009,KHARGONE,FIFA SINGH THAKUR,IND,FIFASINGH THAKUR,IND,0.9727272727272728,0.9696969696969697,1.0,P2,,,,,
256,7113,6388,2009,KHUNTI,KARIA MUNDA,BJP,KARIYA MUNDA,BJP,0.9608695652173913,0.9565217391304348,1.0,P3,,,,,
257,7144,10386,2009,KISHANGANJ,TASLEEM UDDIN,RJD,TASLEEMUDDIN,RJD,0.964,0.96,1.0,P3,,,,,
258,7169,6777,2009,KODARMA,LAXAMAN SAWARNKAR,BJP,Laxman Swarnkar,BJP,0.94375,0.9375,1.0,P4,,,,,
259,7230,4629,2009,KOLHAPUR,CHHATRAPATI SAMBHAJIRAJE SHAHU,NCP,CHHATRPATI SAMBHAJIRAJE SHAHU,NCP,0.9847457627118644,0.9830508474576272,1.0,P1,,,,,
260,7232,6301,2009,KOLHAPUR,KAMBLE SUHAS NIVRUTTI,BSP,KAMBLE SUHAS NIVRUTI,BSP,0.9780487804878049,0.975609756097561,1.0,P2,,,,,
261,7234,6298,2009,KOLHAPUR,KAMBLE MARUTI RAVALU,BBM,KAMBLE MARUTI RAVELU,BBM,0.955,0.95,1.0,P3,,,,,
262,7278,7530,2009,KOLLAM,N.PEETHAMBARAKURUP,IND,N Peethambara Kurup,IND,0.9756756756756757,0.972972972972973,1.0,P2,,,,,
263,7279,8323,2009,KOLLAM,R.ZAKIEER HUSSAIN,IND,R Zakeer Hussain,IND,0.9727272727272728,0.9696969696969697,1.0,P2,,,,,
264,7308,5619,2009,KOPPAL,HANDI RAFIQ SAB,IND,Handi Rafiqsab,IND,0.9689655172413794,0.9655172413793104,1.0,P3,,,,,
265,7316,5505,2009,KOPPAL,GOUSIABEGUM,IND,GOUSIA BEGUM,IND,0.9608695652173913,0.9565217391304348,1.0,P3,,,,,
266,7330,4604,2009,KORBA,CHARAN DAS MAHANT,INC,Charandas Mahant,INC,0.9727272727272728,0.9696969696969697,1.0,P2,,,,,
267,7334,10664,2009,KORBA,VIJAY LAXMI SHARMA,BSP,Viay Laxmi Sharma,BSP,0.9742857142857143,0.9714285714285714,1.0,P2,,,,,
268,7346,4523,2009,KORBA,CHAITI DEVI MAHANT,CSP,Chaitidevi Mahant,CSP,0.9742857142857143,0.9714285714285714,1.0,P2,,,,,
269,7361,9848,2009,KOTA,SHYAM SUNDER SHARMA,IND,SHYAM SUNDAR SHARMA,IND,0.9526315789473684,0.9473684210526315,1.0,P3,,,,,
270,7364,8692,2009,KOTA,RAM KRISHAN SHARMA,IND,RAM KIRISHAN SHARMA,IND,0.9756756756756757,0.972972972972973,1.0,P2,,,,,
271,7383,10230,2009,KOTTAYAM,SURESHKUMAR T.R,IND,Suresh Kumar  T R,IND,0.9709677419354839,0.967741935483871,1.0,P2,,,,,
272,7386,10232,2009,KOTTAYAM,SURESHKUMAR K,IND,Suresh Kumar K,IND,0.9666666666666666,0.9629629629629629,1.0,P3,,,,,
273,7393,6107,2009,KOTTAYAM,JOSE MATHEW,IND,Jose Matew,IND,0.9571428571428571,0.9523809523809523,1.0,P3,,,,,
274,7408,7860,2009,KOZHIKODE,P.A. MOHAMMED RIYAS,IND,P A Mohamed Riyas,IND,0.9742857142857143,0.9714285714285714,1.0,P2,,,,,
275,7410,6147,2009,KOZHIKODE,K. MUHAMMED RIYAS,IND,K Muhamed Riyas,IND,0.9709677419354839,0.967741935483871,1.0,P2,,,,,
276,7452,4798,2009,KRISHNANAGAR,DEBABRATA MAJUMDAR,BSP,DEBABRATA MAJUMDER,BSP,0.95,0.9444444444444444,1.0,P3,,,,,
277,7455,9932,2009,KRISHNANAGAR,SK. DOULAT HOSSAIN,NCP,SK. DAULAT HOSSAIN,NCP,0.9470588235294117,0.9411764705882353,1.0,P4,,,,,
278,7505,10876,2009,KURUKSHETRA,YASH PAL,IND,YASHPAL,IND,0.9400000000000001,0.9333333333333333,1.0,P4,,,,,
279,7608,3295,2009,LATUR,AWALE JAYWANT GANGARAM,INC,AAWALE JAYWANT GANGARAM,INC,0.98,0.9777777777777777,1.0,P1,,,,,
280,7610,3412,2009,LATUR,ADV. BABASAHEB SADASHIVRAO GAIKWAD,BSP,ADV. BABASAHEB SADSHIVRAO GAIKWAD,BSP,0.9842105263157894,0.9824561403508771,1.0,P1,,,,,
281,7612,4077,2009,LATUR,BABURAO SATYAWAN POTBHARE,BBM,BABURAO SATYAWAN POTHHARE,BBM,0.964,0.96,1.0,P3,,,,,
282,7614,7768,2009,LATUR,NILANGEKAR AVINASH MADHUKARRAO,IND,NILANGAEKAR AVINASH MADHUKARRAO,IND,0.9852459016393442,0.9836065573770492,1.0,P1,,,,,
283,7617,3296,2009,LATUR,AWCHARE VIJAYKUMAR BABRUWAN,IND,AAWCHARE VIJAYKUMAR BABRUWAN,IND,0.9836363636363636,0.9818181818181818,1.0,P1,,,,,
284,7625,10270,2009,LATUR,SASANE ATUL GANGARAM,ARP,SUSANE ATUL GANGARAM,ARP,0.955,0.95,1.0,P3,,,,,
285,7639,10060,2009,LOHARDAGA,SUDARSHAN BHAGAT,BJP,Sudershan Bhagat,BJP,0.94375,0.9375,1.0,P4,,,,,
286,7763,9047,2009,LUDHIANA,RAVINDER KUMAR S/O MANNA LAL,IND,RAVINDER KUMAR S/O MUNNA LAL,IND,0.9678571428571429,0.9642857142857143,1.0,P3,,,,,
287,7802,10116,2009,MACHHLISHAHR,SUKHRAJ DINKAR,RSBP,SUKHRAJ DINKAR,RSP,0.9857142857142858,1.0,0.8571428571428571,P1,,,,,
288,7816,4364,2009,MACHILIPATNAM,BHOGADI RAMA DEVI,BJP,Bhogadi Ramadevi,BJP,0.9727272727272728,0.9696969696969697,1.0,P2,,,,,
289,7875,5767,2009,MADHUBANI,HUKMADEO NARAYAN YADAV,BJP,HUKM DEO NARAYAN YADAV,BJP,0.9590909090909091,0.9545454545454546,1.0,P3,,,,,
290,8070,8125,2009,MAHARAJGANJ,PRABHU NATH SINGH,JD(U),Prabhunath Singh,JD(U),0.9727272727272728,0.9696969696969697,1.0,P2,,,,,
291,8071,10381,2009,MAHARAJGANJ,TARKESHWAR SINGH,INC,Tarkeswar Singh,INC,0.9709677419354839,0.967741935483871,1.0,P2,,,,,
292,8072,8343,2009,MAHARAJGANJ,RAVINDRA NATH MISHRA,BSP,Rabindra Nath Mishra,BSP,0.955,0.95,1.0,P3,,,,,
293,8083,5367,2009,MAHARAJGANJ,GANESH SHANKER PANDEY,BSP,GANESH SHANKAR PANDEY,BSP,0.9571428571428571,0.9523809523809523,1.0,P3,,,,,
294,8114,7639,2009,MAHASAMUND,NARAYANDAS INQALAB GANDHI,IND,Narayan Das Inqalab Gandhi,IND,0.9823529411764705,0.9803921568627451,1.0,P1,,,,,
295,8118,6503,2009,MAHASAMUND,KIRAN KUMAR DHRUW,JMM,Kiran Kumar Dhruv,JMM,0.9470588235294117,0.9411764705882353,1.0,P4,,,,,
296,8119,6483,2009,MAHASAMUND,"KHEDUBHARTI ""SATYESH""",IND,Khedhubharti (Satyesh),IND,0.9769230769230769,0.9743589743589743,1.0,P2,,,,,
297,8214,9408,2009,MALKAJGIRI,SARVEY SATHYANARAYANA,INC,SARVEY SATYANARAYANA,INC,0.9780487804878049,0.975609756097561,1.0,P2,,,,,
298,8222,6822,2009,MALKAJGIRI,LT.COL. (Retd.) DUSERLA PAPA RAIDU,IND,Lt.Col.(Retd) Duserla Paparaidu,IND,0.98,0.9777777777777777,1.0,P1,,,,,
299,8227,6344,2009,MALKAJGIRI,KANTE KANAKAIAH GANGAPUTRA,IND,Kante Kanakaiah Ganagaputra,IND,0.9830188679245283,0.9811320754716981,1.0,P1,,,,,
300,8309,6556,2009,MANDYA,KOWDLE CHANNAPPA,JD(U),Kowdley Channappa,JD(U),0.9727272727272728,0.9696969696969697,1.0,P2,,,,,
301,8371,9847,2009,MATHURA,SHYAMSUNDAR,IND,SHYAM SUNDAR,IND,0.9608695652173913,0.9565217391304348,1.0,P3,,,,,
302,8437,7044,2009,MAYILADUTHURAI,MANIYAN O.S.,ADMK,MANIAN O.S,ADMK,0.9571428571428571,0.9523809523809523,1.0,P3,,,,,
303,8521,5168,2009,MEERUT,DR. SURENDER KUMAR KHATRI,IND,DR. SURENDAR KUMAR KHATRI,IND,0.9571428571428571,0.9523809523809523,1.0,P3,,,,,
304,8522,6582,2009,MEERUT,KRISHNAPAL,IND,KRISHNA PAL,IND,0.9571428571428571,0.9523809523809523,1.0,P3,,,,,
305,8592,8358,2009,MIRZAPUR,RADHE SHYAM,BRPP,RADHE SHYAM,BRP,0.9857142857142858,1.0,0.8571428571428571,P1,,,,,
306,8689,7717,2009,MORADABAD,NATHU SINGH,IND,NATTHU SINGH,IND,0.9608695652173913,0.9565217391304348,1.0,P3,,,,,
307,8767,10606,2009,MUMBAI NORTH,VASHRAMBHAI MOHANBHAI PATEL,IND,VASHRAMBHAI MAHANBHAI PATEL,IND,0.9666666666666666,0.9629629629629629,1.0,P3,,,,,
308,8779,9853,2009,MUMBAI NORTH,SHYAM TIPANNA KURADE,IND,SHYAM TIPANNA KURHADE,IND,0.9780487804878049,0.975609756097561,1.0,P2,,,,,
309,8792,8588,2009,MUMBAI NORTH CENTRAL,RAJKAMAL JAISINGH YADAV,IND,RAJKAMAL JAISINH YADAV,IND,0.98,0.9777777777777777,1.0,P1,,,,,
310,8801,7296,2009,MUMBAI NORTH CENTRAL,MOHAMAD YAHIYA SIDDIQUE,IND,MOHAMAD YAHIYA SIDDHIQUE,IND,0.9808510638297872,0.9787234042553191,1.0,P1,,,,,
311,8832,4941,2009,MUMBAI NORTH EAST,DHARMPAL BHAGWAN MESHRAM,IND,DHARPAL BHAGWAN MESHRAM,IND,0.9808510638297872,0.9787234042553191,1.0,P1,,,,,
312,8835,10390,2009,MUMBAI NORTH EAST,TATYASAHEB REVDEKAR,IND,TATVASAHEB REVDEKAR,IND,0.9526315789473684,0.9473684210526315,1.0,P3,,,,,
313,8884,9507,2009,MUMBAI SOUTH,SAYED ATHER ALI,SP,SAYYED ATHER ALI,SP,0.9709677419354839,0.967741935483871,1.0,P2,,,,,
314,8887,4650,2009,MUMBAI SOUTH,CHIRAG KANTILAL JETHVA,KKJHS,CHIRAG KANTILAL JETHAVA,KKJHS,0.98,0.9777777777777777,1.0,P1,,,,,
315,8892,6490,2009,MUMBAI SOUTH,KHIMJI CHIMAN MAKWANA,IND,KHIMJI CHIMAN MAKVANA,IND,0.9571428571428571,0.9523809523809523,1.0,P3,,,,,
316,8924,10476,2009,MUMBAI SOUTH CENTRAL,TRIYOGINATH DUBEY,IND,TRIYOGINATH DUBE,IND,0.9727272727272728,0.9696969696969697,1.0,P2,,,,,
317,8965,4654,2009,MURSHIDABAD,CHITTA RANJAN MONDAL,BSP,CHITTA RANJAN MANDAL,BSP,0.955,0.95,1.0,P3,,,,,
318,9021,9489,2009,MUZAFFARNAGAR,SATYAVEER,IND,SATYVEER,IND,0.9470588235294117,0.9411764705882353,1.0,P4,,,,,
319,9067,3376,2009,MYSORE,ADAGUR H VISHWANATH,INC,ADAGUR H. VISWANATH,INC,0.9756756756756757,0.972972972972973,1.0,P2,,,,,
320,9068,4507,2009,MYSORE,C.H.VIJAYASHANKAR,BJP,C.H.VIJAYA SHANKAR,BJP,0.9742857142857143,0.9714285714285714,1.0,P2,,,,,
321,9124,5580,2009,NAGARKURNOOL,GUVVALA BALARAJU,TRS,Guvvala Balaraj,TRS,0.9709677419354839,0.967741935483871,1.0,P2,,,,,
322,9126,10331,2009,NAGARKURNOOL,DR. T. RATNAKARA,BJP,T. Ratnakar,BJP,0.9571428571428571,0.9523809523809523,1.0,P3,,,,,
323,9144,4425,2009,NAGAUR,BINDU CHAUDHARY,BJP,BINDU CHOUDHARY,BJP,0.9400000000000001,0.9333333333333333,1.0,P4,,,,,
324,9208,4225,2009,NAGPUR,BARAPATRE CHANDRABHAN SOMAJI,IND,BARPATRE CHANDRABHAN SOMAJI,IND,0.9836363636363636,0.9818181818181818,1.0,P1,,,,,
325,9213,9029,2009,NAGPUR,RAUT RAMESHCHANDRA,PRCP,RAUT RAMESHCHANDRA,PRBP,0.9750000000000001,1.0,0.75,P2,,,,,
326,9216,4450,2009,NAGPUR,BALASAHEB ALIAS PRAMOD RAMAJI SHAMBHARKAR,IND,BLASAHEB ALIAS PRAMOD RAMAJI SHAMBHARKAR,IND,0.9888888888888888,0.9876543209876543,1.0,P1,,,,,
327,9265,9412,2009,NALANDA,SHASHI YADAV,CPI(ML)(L),SASHI YADAV,CPI(ML)(L),0.9608695652173913,0.9565217391304348,1.0,P3,,,,,
328,9268,6427,2009,NALANDA,KAUSHAL KUMAR KAUSHALENDRA SINHA,IND,KAUSHALE KUMAR @ KAUSHALENDRA SINGH,IND,0.9584615384615385,0.9538461538461539,1.0,P3,,,,,
329,9274,4549,2009,NALANDA,"CHANDRAMANI KUMAR ""MANI""",IND,CHANDERMANI KUMAR MANI,IND,0.9590909090909091,0.9545454545454546,1.0,P3,,,,,
330,9275,6370,2009,NALANDA,KAPIL DEO SINGH,IND,KAPILDEO SINGH,IND,0.9689655172413794,0.9655172413793104,1.0,P3,,,,,
331,9299,4455,2009,NALGONDA,BOLUSANI KRISHNAIAH,IND,Bollusani Krishnaiah,IND,0.9769230769230769,0.9743589743589743,1.0,P2,,,,,
332,9301,6669,2009,NALGONDA,K.V.SRINIVASA CHARYULU,IND,KV Srinivasa Charyulu,IND,0.9790697674418605,0.9767441860465116,1.0,P2,,,,,
333,9304,4451,2009,NALGONDA,BOLLA KARUNAKAR,IND,Boalla Karunakar,IND,0.9709677419354839,0.967741935483871,1.0,P2,,,,,
334,9344,6480,2009,NANDED,KHATGAONKAR PATIL BHASKARRAO BAPURAO,INC,KHATGAONK PATIL BHASKARRAO BAPURAO,INC,0.9742857142857143,0.9714285714285714,1.0,P2,,,,,
335,9350,7646,2009,NANDED,NARAYAN SURYAVANSHI DOANGAONKAR,IND,NARAYAN SURYAVANSHI DOANGONKAR,IND,0.9852459016393442,0.9836065573770492,1.0,P1,,,,,
336,9360,10466,2009,NANDED,TIWARI RAMA BHAGIRAT,RSPS,TIWARI RAMA BHAGIRAT,RSP,0.9857142857142858,1.0,0.8571428571428571,P1,,,,,
337,9361,6456,2009,NANDED,KHADE SANJAY WAMANRAO,PRCP,KHADE SANJAY WAMANRAO,PRBP,0.9750000000000001,1.0,0.75,P2,,,,,
338,9373,7706,2009,NANDURBAR,NATAWADKAR SUHAS JAYANT,BJP,NATAWADKAR SUHAS JYANT,BJP,0.98,0.9777777777777777,1.0,P1,,,,,
339,9396,9881,2009,NANDYAL,SINGAM VENKATESWARA REDDY,IND,SINGAM VENKATESHWARA REDDY,IND,0.9823529411764705,0.9803921568627451,1.0,P1,,,,,
340,9455,4315,2009,NASHIK,BHARAT HIRAMAN PARDESHI,IND,BHARAT HIRMAN PARDESHI,IND,0.98,0.9777777777777777,1.0,P1,,,,,
341,9464,9606,2009,NAVSARI,SHAILESHBHAI BISHESWAR SHRIVASTAV,BSP,SHAILESHBHAI BISWESHWAR SRIVASTAV,BSP,0.9454545454545455,0.9393939393939394,1.0,P4,,,,,
342,9489,4370,2009,NAWADA,BHOLA SINGH,BJP,BholaSingh,BJP,0.9571428571428571,0.9523809523809523,1.0,P3,,,,,
343,9491,8410,2009,NAWADA,RAJBALLABH PRASAD,IND,Raj Ballabh Prasad,IND,0.9742857142857143,0.9714285714285714,1.0,P2,,,,,
344,9493,7150,2009,NAWADA,MASIH UDDIN,BSP,Masih Udin,BSP,0.9571428571428571,0.9523809523809523,1.0,P3,,,,,
345,9494,3709,2009,NAWADA,ANIL MEHTA,IND,AnilMehta,IND,0.9526315789473684,0.9473684210526315,1.0,P3,,,,,
346,9498,8591,2009,NAWADA,RAJ KISHORE RAJ,IND,RajKishore Raj,IND,0.9689655172413794,0.9655172413793104,1.0,P3,,,,,
347,9501,4538,2009,NAWADA,CHANCHALA DEVI,IND,ChanchalaDevi,IND,0.9666666666666666,0.9629629629629629,1.0,P3,,,,,
348,9503,7728,2009,NAWADA,NAVIN KUMAR VERMA,IND,NavinKumar Verma,IND,0.9727272727272728,0.9696969696969697,1.0,P2,,,,,
349,9579,4279,2009,NEW DELHI,BHAGWAN DASS,IND,BHAGWAN DAS,IND,0.9608695652173913,0.9565217391304348,1.0,P3,,,,,
350,9646,7622,2009,NORTH GOA,NARCINVA SURYA SALGAONKAR,IND,NARACINVA SURYA SALGAONKAR,IND,0.9823529411764705,0.9803921568627451,1.0,P1,,,,,
351,9648,7241,2009,NORTH WEST DELHI,MEERA KANWARIA,BJP,MEERA KANWARIYA,BJP,0.9689655172413794,0.9655172413793104,1.0,P3,,,,,
352,9719,8498,2009,OSMANABAD,RAJENDRA PANDITRAO HIPPERGEKAR,KKJHS,RAJENDRA RANDITRAO HIPPERGEKAR,KKJHS,0.97,0.9666666666666667,1.0,P2,,,,,
353,9723,7472,2009,OSMANABAD,MUNDHE PATIL PADAMSINHA VIJAYSINHA,IND,MUNDHE PATRIL PADAMSINHA VIJAYSINHA,IND,0.9869565217391305,0.9855072463768116,1.0,P1,,,,,
354,9859,9734,2009,PALGHAR,SHINGDA DAMODAR BARKU,INC,SHINGADA DAMODAR BARKU,INC,0.9790697674418605,0.9767441860465116,1.0,P2,,,,,
355,9863,5110,2009,PALGHAR,DR. KASHIRAM MAHADU DHONDAGA,IND,DR. KASHIRAM MAHADU DHONDAGHA,IND,0.9816326530612245,0.9795918367346939,1.0,P1,,,,,
356,9875,8303,2009,PALI,PUSP JAIN,BJP,PUSHP JAIN,BJP,0.9526315789473684,0.9473684210526315,1.0,P3,,,,,
357,9923,7467,2009,PARBHANI,MULE BABAN DATTARAO,RSPS,MULE BABAN DATTARAO,RSP,0.9857142857142858,1.0,0.8571428571428571,P1,,,,,
358,9936,9124,2009,PARBHANI,RUMALE TUKARAM DHONDIBA,PRCP,RUMALE TUKARAM DHONDIBA,PRBP,0.9750000000000001,1.0,0.75,P2,,,,,
359,9991,8351,2009,PATHANAMTHITTA,B.RADHAKRISHNA MENON,BJP,Radhakrishna Menon,BJP,0.9526315789473684,0.9473684210526315,1.0,P3,,,,,
360,10538,7986,2009,PURVI CHAMPARAN,PARASNATHPANDEY,IND,PARASNATH PANDEY,IND,0.9709677419354839,0.967741935483871,1.0,P2,,,,,
361,10618,10810,2009,RAIGARH,VISHNU DEO SAI,BJP,Vishu Deo Sai,BJP,0.9666666666666666,0.9629629629629629,1.0,P3,,,,,
362,10619,5753,2009,RAIGARH,HRIDAYARAM RATHIYA,INC,Hirdayaram Rathiya,INC,0.95,0.9444444444444444,1.0,P3,,,,,
363,10621,5615,2009,RAIGARH,HALDHAR RAM SIDAR,IND,Haldharram Sidar,IND,0.9727272727272728,0.9696969696969697,1.0,P2,,,,,
364,10643,10671,2009,RAIPUR,VIDHYADEVI SAHU,BSP,Vidyadevi Sahu,BSP,0.9689655172413794,0.9655172413793104,1.0,P3,,,,,
365,10652,7605,2009,RAIPUR,NAND KISHOR DEEP,IND,Nanda Kishor Deep,IND,0.9727272727272728,0.9696969696969697,1.0,P2,,,,,
366,10653,7368,2009,RAIPUR,MOH. JILANI ALIAS TANI,IND,Mohd. Jilani alias Tani,IND,0.9790697674418605,0.9767441860465116,1.0,P2,,,,,
367,10742,6652,2009,RAJKOT,KUVARJIBHAI MOHANBHAI BAVALIA,INC,KUNVARJIBHAI MOHANBHAI BAVALIYA,INC,0.97,0.9666666666666667,1.0,P2,,,,,
368,10747,7734,2009,RAJKOT,NAYANBHAI HASHMUKHBHAI UPADHYAY,IND,NAYANBHAI HASMUKHBHAI UPADHYAY,IND,0.9852459016393442,0.9836065573770492,1.0,P1,,,,,
369,10751,4072,2009,RAJKOT,BABULAL DEVJIBHAI GHAVA,LJP,BABULAL DEVJIBHAI DHAVA,LJP,0.9608695652173913,0.9565217391304348,1.0,P3,,,,,
370,10754,6453,2009,RAJKOT,KESHUBHAI DHANJIBHAI VEKARIYA,IND,KESHUBHAI DHANJIBHAI VEKARIA,IND,0.9842105263157894,0.9824561403508771,1.0,P1,,,,,
371,10755,8213,2009,RAJKOT,PRAVINBHAI MEGHJIBHAI DENGADA,IND,PRAVINBHAI MEGHJIBHAI DENGDA,IND,0.9842105263157894,0.9824561403508771,1.0,P1,,,,,
372,10799,8152,2009,RAJNANDGAON,PRADHUMAN NETAM,BSP,Praduman Netam,BSP,0.9689655172413794,0.9655172413793104,1.0,P3,,,,,
373,10802,7031,2009,RAJNANDGAON,MANGAL DAS BANGARE,IND,Mangaldas Bangare,IND,0.9742857142857143,0.9714285714285714,1.0,P2,,,,,
374,10803,4267,2009,RAJNANDGAON,BHAG CHAND VAIDHYA,IND,Bhag Chanda Vaidhya,IND,0.9756756756756757,0.972972972972973,1.0,P2,,,,,
375,10804,4982,2009,RAJNANDGAON,DILIP RATHOR SAMPADAK,IND,Dilip Rathod Sampadak,IND,0.9571428571428571,0.9523809523809523,1.0,P3,,,,,
376,10805,4840,2009,RAJNANDGAON,DERHARAM LODHI,IND,Derha Ram Lodhi,IND,0.9689655172413794,0.9655172413793104,1.0,P3,,,,,
377,10812,10260,2009,RAJSAMAND,SURYA BHAVANI SINGH CHAWRA,IND,SURYA BHAVANI SINGH CHAWDA,IND,0.9653846153846154,0.9615384615384616,1.0,P3,,,,,
378,10813,7748,2009,RAJSAMAND,NEERU RAM,BSP,neeruram,BSP,0.9470588235294117,0.9411764705882353,1.0,P4,,,,,
379,10912,9129,2009,RAMTEK,SURESH MANGALDAS BORKAR,IND,RURESH MANGALDAS BORKAR,IND,0.9608695652173913,0.9565217391304348,1.0,P3,,,,,
380,10947,8767,2009,RANCHI,RAM TAHAL CHOUDHARY,BJP,RAM TAHAL CHAUDHARY,BJP,0.9526315789473684,0.9473684210526315,1.0,P3,,,,,
381,10986,4972,2009,RATLAM,DILEEPSINGH BHURIA,BJP,DILEEP SINGH BHURIA,BJP,0.9756756756756757,0.972972972972973,1.0,P2,,,,,
382,10988,4352,2009,RATLAM,BHERUSING DAMOR,JD(U),BHERUSINGH DAMOR,JD(U),0.9709677419354839,0.967741935483871,1.0,P2,,,,,
383,11377,9861,2009,SANGLI,SIDDHESHWAR SHIVAPPA BHOSALE,IND,SIDDESHWAR SHIVAPPA BHOSALE,IND,0.9836363636363636,0.9818181818181818,1.0,P1,,,,,
384,11378,3737,2009,SANGLI,ANSARI SHABBIR AHEMAD,IND,ANSARI SHABBIR AHEMED,IND,0.9571428571428571,0.9523809523809523,1.0,P3,,,,,
385,11380,6922,2009,SANGLI,MAHADEO ANNA WAGHAMARE,RSPS,MAHADEV ANNA WAGHAMARE,RSPS,0.9590909090909091,0.9545454545454546,1.0,P3,,,,,
386,11384,5393,2009,SANGLI,GANAPATI TUKARAM KAMBLE ALIAS G.T. KAMBLE,IND,GANPATI TUKARAM KAMBLE ALIAS G.T. KAMBLE,IND,0.9886075949367089,0.9873417721518988,1.0,P1,,,,,
387,11400,4192,2009,SANGRUR,BALWANT SINGH RAMUWALIA,LBP,BALWANT SINGH RAMOOWALIA,LBP,0.9425531914893617,0.9361702127659575,1.0,P4,,,,,
388,11401,7382,2009,SANGRUR,MOHMAD. JAMIL-UR-REHMAN,BSP,MOHD.JAMIL UR REHMAN,BSP,0.9571428571428571,0.9523809523809523,1.0,P3,,,,,
389,11521,3557,2009,SATARA,ALANKRITA ABHIJIT AWADE-BICHUKALE,IND,ALNKRITA ABHIJIT AWADE-BICHUKALE,IND,0.9861538461538462,0.9846153846153847,1.0,P1,,,,,
390,11575,3716,2009,SECUNDERABAD,ANJAN KUMAR YADAV M,INC,ANJAN KUMAR YADAV,INC,0.95,0.9444444444444444,1.0,P3,,,,,
391,11584,3595,2009,SECUNDERABAD,AMBATI KRISHNA MURTHY,IND,Ambati Krishna Murthi,IND,0.9571428571428571,0.9523809523809523,1.0,P3,,,,,
392,11586,7895,2009,SECUNDERABAD,P. DAMODER REDDY,PPOI,P.Damodar Reddy,PPOI,0.9400000000000001,0.9333333333333333,1.0,P4,,,,,
393,11651,8738,2009,SHAHDOL,RAMRATAN SINGH PAVLE,GGP,RAM RATAN SINGH PAVLE,GGP,0.9780487804878049,0.975609756097561,1.0,P2,,,,,
394,11718,7227,2009,SHEOHAR,MD. TANVEER ZAFAR,CPI,MD. TANVEER ZAFER,CPI,0.94375,0.9375,1.0,P4,,,,,
395,11721,8650,2009,SHEOHAR,RAMA ASHISH MAHTO,IND,"RAM ASHISH, MAHTO",IND,0.9727272727272728,0.9696969696969697,1.0,P2,,,,,
396,11760,4687,2009,SHIMOGA,D.S. ESHWARAPPA,IND,D S Eswarappa,IND,0.9666666666666666,0.9629629629629629,1.0,P3,,,,,
397,11763,10526,2009,SHIMOGA,UMESHKUMAR S,IND,UMESH KUMAR.S,IND,0.964,0.96,1.0,P3,,,,,
398,11764,10843,2009,SHIRDI,WAKCHAURE BHAUSAHEB RAJARAM,SHS,WAKCHOURE BHAUSAHEB RAJARAM,SHS,0.9666666666666666,0.9629629629629629,1.0,P3,,,,,
399,11765,3959,2009,SHIRDI,ATHAWALE RAMDAS BANDU,RPI(A),ATHAWALE RAMDAS BANDU,RPI,0.9750000000000001,1.0,0.75,P2,,,,,
400,11766,9128,2009,SHIRDI,RUPWATE PREMANAND DAMODAR,IND,RUPWATE PREMANAND DAMODHAR,IND,0.9823529411764705,0.9803921568627451,1.0,P1,,,,,
401,11768,9281,2009,SHIRDI,SANDIP BHASKAR GHOLAP,IND,SANDIP BHASKAR GOLAP,IND,0.9780487804878049,0.975609756097561,1.0,P2,,,,,
402,11769,10588,2009,SHIRDI,VAIRAGAR SUDHIR NATHA,IND,VAIRAGHAR SUDHIR NATHA,IND,0.9790697674418605,0.9767441860465116,1.0,P2,,,,,
403,11772,6807,2009,SHIRDI,LONDHE SHARAD LAXMAN,IND,LODHE SHARAD LAXAMAN,IND,0.955,0.95,1.0,P3,,,,,
404,11775,3379,2009,SHIRDI,ADHAGALE RAJENDRA NAMDEO,IND,ADHAGALE RAJENDRA NAMDEV,IND,0.9625,0.9583333333333334,1.0,P3,,,,,
405,11776,7232,2009,SHIRDI,MEDHE PRAFULLAKUMAR MURALIDHAR,IND,MEDHE PRAFULLAKUMAR MURLIDHAR,IND,0.9847457627118644,0.9830508474576272,1.0,P1,,,,,
406,11777,6295,2009,SHIRDI,KAMBLE RAMESH ANKUSH,IND,KAMBALE RAMESH ANKUSH,IND,0.9780487804878049,0.975609756097561,1.0,P2,,,,,
407,11780,9171,2009,SHIRDI,SABLE ANIL DAMODAR,IND,SABALE ANIL DAMODHAR,IND,0.9526315789473684,0.9473684210526315,1.0,P3,,,,,
408,11855,3583,2009,SIKAR,AMARARAM,CPM,AMARA RAM,CPM,0.9470588235294117,0.9411764705882353,1.0,P4,,,,,
409,11857,6965,2009,SIKAR,MAHESHKUMAR,IND,MAHESH KUMAR,IND,0.9608695652173913,0.9565217391304348,1.0,P3,,,,,
410,11860,6919,2009,SIKAR,MAHABEER PARSAD,IND,MAHABEER PRASAD,IND,0.9400000000000001,0.9333333333333333,1.0,P4,,,,,
411,11865,5041,2009,SIKAR,D. P. KUMAWAT,RJVP,DP KUMAWAT,RJVP,0.9571428571428571,0.9523809523809523,1.0,P3,,,,,
412,11898,7812,2009,SILCHAR,NAGENDRA CHANDRA DAS,IND,Nogendra Chandra Das,IND,0.955,0.95,1.0,P3,,,,,
413,11904,4543,2009,SILCHAR,CHANDAN RABIDAS,IND,Chandan Rabi Das,IND,0.9709677419354839,0.967741935483871,1.0,P2,,,,,
414,12065,7855,2009,SIWAN,OM PRAKASH YADAV,IND,OmPrakashYadav,IND,0.9400000000000001,0.9333333333333333,1.0,P4,,,,,
415,12066,5733,2009,SIWAN,HENA SHAHAB,RJD,HenaShahab,RJD,0.9571428571428571,0.9523809523809523,1.0,P3,,,,,
416,12068,4480,2009,SIWAN,BRISHIN PATEL,JD(U),BrishinPatel,JD(U),0.964,0.96,1.0,P3,,,,,
417,12072,10731,2009,SIWAN,VIJAY SHANKER DUBEY,INC,VijayShankerDubey,INC,0.95,0.9444444444444444,1.0,P3,,,,,
418,12076,3953,2009,SIWAN,ASWANI KR. VERMA,IJP,Aswani K r. Verma,IJP,0.9709677419354839,0.967741935483871,1.0,P2,,,,,
419,12192,7251,2009,SRINAGAR,MEHBOOBA SHADAB,IND,MEHBOOBA SHAHDAB,IND,0.9709677419354839,0.967741935483871,1.0,P2,,,,,
420,12193,3978,2009,SRINAGAR,AVTAR KRISHEN PANDITA,BJP,AVTAR KRISHAN PANDITA,BJP,0.9571428571428571,0.9523809523809523,1.0,P3,,,,,
421,12287,6805,2009,SUNDARGARH,LIVINUS KINDO,JMM,LIVNUS KINDO,JMM,0.964,0.96,1.0,P3,,,,,
422,12476,4671,2009,THANE,CHAUGULE VIJAY LAXMAN,SHS,CHUGULE VIJAY LAXMAN,SHS,0.9780487804878049,0.975609756097561,1.0,P2,,,,,
423,12485,6470,2009,THANE,KHAN FIROZ YUSUFKHAN,IND,KHAN FIROZ YSUFKHAN,IND,0.9769230769230769,0.9743589743589743,1.0,P2,,,,,
424,12494,6299,2009,THANE,KAMBLE SACHIN SHRIPAT,IND,KAMBLE SACHIN SHIRPAT,IND,0.9571428571428571,0.9523809523809523,1.0,P3,,,,,
425,12495,3461,2009,THANE,AHMAD AFJAL SHEIKH,IND,AHMAD AFJAL SHAIKH,IND,0.95,0.9444444444444444,1.0,P3,,,,,
426,12498,9503,2009,THANE,SAYED SHAFIQ AHMED ZAIDI,IND,SAYED SHAFIQ AHMED ZOIDI,IND,0.9625,0.9583333333333334,1.0,P3,,,,,
427,12585,7868,2009,THIRUVANANTHAPURAM,P K KRISHNA DAS,BJP,P K Krishnadas,BJP,0.9689655172413794,0.9655172413793104,1.0,P3,,,,,
428,12813,6423,2009,TIRUPATI,KATTAMANCHI PRABAKHAR,IND,Kattamanchi Prabhakar,IND,0.9571428571428571,0.9523809523809523,1.0,P3,,,,,
429,12880,4965,2009,TRIPURA EAST,DIBA CHANDRA HRANGKHAWL,INC,DIBA CHANDRA HRANGKHWAL,INC,0.9608695652173913,0.9565217391304348,1.0,P3,,,,,
430,12883,8526,2009,TRIPURA EAST,RAJESH DEBBARMA,IND,RAJESH DEB BARMA,IND,0.9709677419354839,0.967741935483871,1.0,P2,,,,,
431,12909,5313,2009,TUMKUR,G.S. BASAVARAJ,BJP,G.S. BASAVARAJU,BJP,0.9666666666666666,0.9629629629629629,1.0,P3,,,,,
432,12912,9990,2009,TUMKUR,SRI GOWRISHANKARA SWAMIGALU,SP,Sri. Gowri Shankara Swamigalu,SP,0.9836363636363636,0.9818181818181818,1.0,P1,,,,,
433,12933,9617,2009,UDAIPUR,SHAKUNTALA DHANKA,SP,SHAKUNTLA DHANKA,SP,0.9727272727272728,0.9696969696969697,1.0,P2,,,,,
434,12991,10732,2009,UJIARPUR,VIJAYWANT KUMAR CHAUDHARY,BSP,VIJAYWANT KUMAR CHOUDHARY,BSP,0.964,0.96,1.0,P3,,,,,
435,12993,3787,2009,UJIARPUR,ARJUN SAHANI,IND,ARJUN SAHNI,IND,0.9608695652173913,0.9565217391304348,1.0,P3,,,,,
436,13000,9008,2009,UJIARPUR,RATAN SAHANI,IND,RATAN SAHNI,IND,0.9608695652173913,0.9565217391304348,1.0,P3,,,,,
437,13081,3665,2009,UTTARA KANNADA,ANANTKUMAR HEGDE,BJP,Ananthkumar Hegde,BJP,0.9727272727272728,0.9696969696969697,1.0,P2,,,,,
438,13143,6519,2009,VALSAD,KISHANBHAI VESTABHAI PATEL,INC,KISANBHAI VESTABHAI PATEL,INC,0.9823529411764705,0.9803921568627451,1.0,P1,,,,,
439,13217,3340,2009,VELLORE,ABDUL RAHMAN,DMK,ABDULRAHMAN,DMK,0.9608695652173913,0.9565217391304348,1.0,P3,,,,,
440,13236,4747,2009,VELLORE,DHANDAPANI T,IND,DANDAPANI T,IND,0.9608695652173913,0.9565217391304348,1.0,P3,,,,,
441,13338,4714,2009,VISAKHAPATNAM,D.V.SUBBARAO,BJP,D.V. SUBBA RAO,BJP,0.964,0.96,1.0,P3,,,,,
442,13347,10864,2009,VISAKHAPATNAM,YADDANAPUDI RANGARAO,IND,Yaddanapudi Ranga Rao,IND,0.9780487804878049,0.975609756097561,1.0,P2,,,,,
443,13436,9635,2009,WAYANAD,SHANAVAS MANAKULANGARA PARAMBIL,IND,Shanavas Manakulangara Paramb,IND,0.97,0.9666666666666667,1.0,P2,,,,,
444,13489,4897,2009,YAVATMAL-WASHIM,DHAGE VITTHAL MAHADEV,RSPS,DHAGE VITTHAL MAHADEV,RSP,0.9857142857142858,1.0,0.8571428571428571,P1,,,,,
