test,iteration,female_coef,p_value
gender_permutation,0,0.043783854409413986,0.906316446763513
gender_permutation,1,-0.5351685096447296,0.11673747635124061
gender_permutation,2,-0.1019659336109856,0.7388620355694275
gender_permutation,3,0.14303840075710775,0.6482397626777658
gender_permutation,4,-0.08305280685889598,0.8173889195565296
gender_permutation,5,0.25855746689057824,0.44525047293562536
gender_permutation,6,0.06088198015505494,0.857932523692241
gender_permutation,7,0.28208091690153775,0.36558004855528425
gender_permutation,8,-0.343965909370888,0.3004752500279131
gender_permutation,9,-0.10330171410628772,0.7709507653132532
gender_permutation,10,-0.030822008249757782,0.9277005962370738
gender_permutation,11,0.09065621619617117,0.760472627622345
gender_permutation,12,-0.2484096950387838,0.45336070071324464
gender_permutation,13,0.030388561236107295,0.9262127739377001
gender_permutation,14,0.027985858613947437,0.9258581273475591
gender_permutation,15,0.3583767667303681,0.2892965433432416
gender_permutation,16,0.25344998005578934,0.4554635412859024
gender_permutation,17,-0.08000257808159827,0.8246558632085464
gender_permutation,18,-0.15666456025894354,0.6179062056129536
gender_permutation,19,-0.06996607400421301,0.8376538126139401
gender_permutation,20,-0.6150755143396633,0.06337034909608402
gender_permutation,21,-0.11601249014909791,0.7197339934108803
gender_permutation,22,-0.017616892389572092,0.9539035186111511
gender_permutation,23,0.121045464798966,0.7455868299161711
gender_permutation,24,-0.162030820022925,0.6296466733402692
gender_permutation,25,-0.31065228668327993,0.33019269665488504
gender_permutation,26,-0.22910371490596032,0.49637153831960357
gender_permutation,27,0.10473380240154341,0.726132060665031
gender_permutation,28,0.39811291749666167,0.22427906258762909
gender_permutation,29,0.29578753421548276,0.36911522839393507
gender_permutation,30,0.27601636136447305,0.4102262603669232
gender_permutation,31,-0.5507258167548379,0.1544532527126231
gender_permutation,32,0.011496756999178293,0.9736117555135095
gender_permutation,33,-0.12684169728112546,0.7057467669867434
gender_permutation,34,0.4663182169919283,0.1363238170571215
gender_permutation,35,-0.28462147426143214,0.4235033786349467
gender_permutation,36,-0.2851383604539403,0.40049000833975223
gender_permutation,37,0.16199382010426025,0.6048702048922895
gender_permutation,38,0.03579851153409436,0.9144385260137228
gender_permutation,39,0.061440415980863,0.8480115510281798
gender_permutation,40,0.5489463369924203,0.08918630863666649
gender_permutation,41,0.6535463522421667,0.0699133749273295
gender_permutation,42,-0.07894742752521271,0.7962243672994506
gender_permutation,43,-0.26012769536368385,0.43790577274451203
gender_permutation,44,-0.5026200034555812,0.11431797629070503
gender_permutation,45,-0.16954831261664507,0.663909079236989
gender_permutation,46,0.17401428530722438,0.6299773755227953
gender_permutation,47,-0.19600449628824987,0.563179577793776
gender_permutation,48,-0.22397873641387994,0.48610521216122526
gender_permutation,49,0.025982400670192002,0.9357438364965174
gender_permutation,50,-0.5313799122236955,0.11806146567717747
gender_permutation,51,-0.10993139282392184,0.7260900173576527
gender_permutation,52,-0.8822823306985637,0.01633463938281069
gender_permutation,53,0.34202320135977826,0.27178216426391955
gender_permutation,54,-0.14067928056866194,0.6521122080964754
gender_permutation,55,-0.4156888323981188,0.2599314136221248
gender_permutation,56,-0.24278416290658747,0.5150661206042081
gender_permutation,57,-0.17167908315520164,0.6196193233041575
gender_permutation,58,0.22653462754562725,0.5003117210733424
gender_permutation,59,0.06332337156942441,0.8403953828438744
gender_permutation,60,-0.03968704260620568,0.9033590991672621
gender_permutation,61,0.0763463746096799,0.8276980505426401
gender_permutation,62,0.27298285815986756,0.346042257901769
gender_permutation,63,-0.1829989049043204,0.5793260501920516
gender_permutation,64,-0.524435467158363,0.11209457284439715
gender_permutation,65,-0.2308459263094753,0.4886703594211982
gender_permutation,66,-0.2648312013595209,0.4438426425295239
gender_permutation,67,-0.2847943094389083,0.3914449783517613
gender_permutation,68,0.5390819177212025,0.09595946389389645
gender_permutation,69,0.12376016862362,0.7022914926720489
gender_permutation,70,-0.02729452244233934,0.9384453398280894
gender_permutation,71,0.4022022702151903,0.18115118286735354
gender_permutation,72,-0.2298985606421856,0.46438340672002587
gender_permutation,73,0.5680404974139693,0.08493635233279916
gender_permutation,74,-0.34684584915812244,0.27025138683839234
gender_permutation,75,0.07367330699204659,0.8156559710881073
gender_permutation,76,0.4108882883845729,0.1979743474123713
gender_permutation,77,-0.07566425176427974,0.8243061935110726
gender_permutation,78,-0.3636108345624094,0.29709508841264987
gender_permutation,79,-0.22053755207914924,0.5181710388896406
gender_permutation,80,0.3154017099302485,0.36755060105776827
gender_permutation,81,0.3104252062036183,0.3782728591863017
gender_permutation,82,0.506380769339731,0.09221531303234448
gender_permutation,83,0.02016778392506447,0.9445574028184338
gender_permutation,84,0.1347337357833951,0.6660338502112197
gender_permutation,85,0.44669438541849255,0.16966977005168604
gender_permutation,86,0.5615498600486268,0.07347992445565456
gender_permutation,87,0.7984391550907843,0.03464883034950736
gender_permutation,88,0.6994781845472593,0.03588004349571896
gender_permutation,89,-0.139119856690109,0.651352241848603
gender_permutation,90,-0.173677691920623,0.5961247157169268
gender_permutation,91,0.23077130707506505,0.4641168592649261
gender_permutation,92,-0.7331182709898174,0.01220903066283818
gender_permutation,93,0.2252037219447625,0.46123070639892183
gender_permutation,94,-0.5584215172379209,0.09658321119225075
gender_permutation,95,0.066858132294855,0.8268403723392879
gender_permutation,96,-0.00041202095635374525,0.9990419382016
gender_permutation,97,-0.03656379253873501,0.9033475206879782
gender_permutation,98,-0.5330826260300245,0.0691374165651524
gender_permutation,99,-0.2273261738354203,0.5130211079170379
gender_permutation,100,0.011760513371995823,0.9719304382236403
gender_permutation,101,-0.20785435602436603,0.5419665985843288
gender_permutation,102,0.5019833046582713,0.17235805079765976
gender_permutation,103,-0.522948381216954,0.13059944863809347
gender_permutation,104,0.10792557853380488,0.7097056298822096
gender_permutation,105,0.030968366338121125,0.9247716322722663
gender_permutation,106,-0.13616625428793028,0.6918539358937001
gender_permutation,107,0.0949657588986106,0.7735505665913842
gender_permutation,108,-0.20483176374451512,0.4968680325317735
gender_permutation,109,0.5129277980946241,0.13109873458971757
gender_permutation,110,-0.3861984582957141,0.21430730342735116
gender_permutation,111,0.33548864711037385,0.3370661678466138
gender_permutation,112,0.6234889568701114,0.06242479221347355
gender_permutation,113,-0.4424904578392228,0.2000433701559421
gender_permutation,114,-0.16261433912017553,0.6114272550584767
gender_permutation,115,0.15386483494077796,0.626059619128712
gender_permutation,116,-0.4355063865903007,0.20319237827750403
gender_permutation,117,-0.19243929457247883,0.5991474948449802
gender_permutation,118,0.1357905229136074,0.637725170936442
gender_permutation,119,0.46207393583466083,0.090732310577174
gender_permutation,120,-0.1187698136951992,0.7371329529692765
gender_permutation,121,0.6888270155022617,0.041539767446932475
gender_permutation,122,-0.06311587723909368,0.8515829347297409
gender_permutation,123,-0.2106032925143247,0.5242555289484141
gender_permutation,124,-0.2613661001791755,0.38629449324367904
gender_permutation,125,0.09948408565279682,0.7465198925676763
gender_permutation,126,0.16862975601906044,0.6420867166049979
gender_permutation,127,-0.3307162152272921,0.32988971064808803
gender_permutation,128,-0.3726431430514131,0.26410322590251456
gender_permutation,129,-0.14750919401879814,0.6666874940312003
gender_permutation,130,0.425366980815516,0.163775651818172
gender_permutation,131,0.1439422896072448,0.6156563049332462
gender_permutation,132,-0.21293379626715236,0.5108970981924654
gender_permutation,133,-0.1884082656923367,0.5669231833502136
gender_permutation,134,-0.20530308833005564,0.4936895960020643
gender_permutation,135,0.15278475226445898,0.6587604657239594
gender_permutation,136,-0.30895030897771325,0.32997976630365544
gender_permutation,137,-0.5369074630776531,0.059257078330291306
gender_permutation,138,0.5351653429672116,0.11035833462382999
gender_permutation,139,-0.4979987502906211,0.07806072932746193
gender_permutation,140,-0.18777393084210772,0.5438046151601624
gender_permutation,141,0.03578185493933318,0.9056607604942641
gender_permutation,142,0.07903303265804211,0.8085719696547622
gender_permutation,143,-0.2789124189414902,0.4151992852859928
gender_permutation,144,0.19433150270329047,0.5212170351097624
gender_permutation,145,0.5349391719807631,0.1296638471464904
gender_permutation,146,0.07881960009189018,0.8125586488765201
gender_permutation,147,0.1109801805036162,0.7264480242696463
gender_permutation,148,-0.05984061712352387,0.8402322694693813
gender_permutation,149,0.20331564118852763,0.519429448421879
gender_permutation,150,-0.2912694051830613,0.3751414368956071
gender_permutation,151,-0.3389459968972747,0.2878870168363874
gender_permutation,152,0.28337455690900065,0.4096681512273428
gender_permutation,153,0.20659617953193432,0.545327504252622
gender_permutation,154,0.5287262221468889,0.07870384349077955
gender_permutation,155,0.5389926512970404,0.12780592983493916
gender_permutation,156,-0.11898772265786822,0.7045855283550073
gender_permutation,157,-0.3268982533877868,0.324753332969384
gender_permutation,158,-0.627478349252296,0.0933870830713635
gender_permutation,159,-0.28209945646603485,0.4044440143936162
gender_permutation,160,0.2847668689413021,0.38749891701646555
gender_permutation,161,0.0984858166250977,0.7689392013024745
gender_permutation,162,0.1593455692723798,0.6563233185687543
gender_permutation,163,0.7871956984874298,0.01768930826204598
gender_permutation,164,0.06048881839364356,0.8522772825650322
gender_permutation,165,-0.48898882558416756,0.16758139669965544
gender_permutation,166,0.33190470293832774,0.2844009209575947
gender_permutation,167,0.08685779679187006,0.7994857431779062
gender_permutation,168,-0.29089343660669564,0.35970871061971155
gender_permutation,169,0.4884258374276785,0.13516635621231332
gender_permutation,170,0.3346451468487443,0.2887645239337936
gender_permutation,171,0.20125741614713666,0.580811139694361
gender_permutation,172,0.05968864478991201,0.8603166443839287
gender_permutation,173,0.39293220295447545,0.28661297013200826
gender_permutation,174,-0.1313905152118932,0.656212879429968
gender_permutation,175,0.12452815152058665,0.6827490279141183
gender_permutation,176,-0.037133681033332616,0.9157578376301166
gender_permutation,177,0.14851790523939912,0.6372600876995724
gender_permutation,178,0.4594524535618223,0.207778053402487
gender_permutation,179,-0.15235256396624272,0.6125086079473285
gender_permutation,180,0.08766665556916564,0.766337746124319
gender_permutation,181,0.14333676656826658,0.6360774456660717
gender_permutation,182,-0.47770438938470805,0.10212357114861052
gender_permutation,183,0.003342372331866017,0.9918474856747503
gender_permutation,184,-0.20080010970919498,0.5602632510887587
gender_permutation,185,-0.20189304717930934,0.5430825829577206
gender_permutation,186,0.3154969631152063,0.3386876027128879
gender_permutation,187,0.18187533291296798,0.5837592436071168
gender_permutation,188,0.1566669854402265,0.6318611467971056
gender_permutation,189,0.23833589026256544,0.48818372146959277
gender_permutation,190,-0.09045674787885602,0.770208955142403
gender_permutation,191,0.6391612770053997,0.0952596473152386
gender_permutation,192,0.0297410534662826,0.9300961297403703
gender_permutation,193,0.6968208223594918,0.04086876385801151
gender_permutation,194,-0.19589445155554616,0.5445231269765595
gender_permutation,195,0.6226303089502024,0.0803967882281524
gender_permutation,196,0.6499862592962611,0.058982818979679455
gender_permutation,197,-0.4463420458912387,0.12847584332551432
gender_permutation,198,-0.6850567366881859,0.05021508019559648
gender_permutation,199,0.15681692466533448,0.6022502611410157
